n_types,n_tokens,sample_id
74,100,1
127,200,1
184,300,1
244,400,1
306,500,1
330,600,1
338,700,1
395,800,1
419,900,1
454,1000,1
453,1000,1
767,2000,1
954,3000,1
1200,4000,1
1416,5000,1
1602,6000,1
1751,7000,1
1829,8000,1
2002,9000,1
2122,10000,1
2113,10000,1
3123,20000,1
3960,30000,1
4590,40000,1
5008,50000,1
5484,60000,1
5828,70000,1
6266,80000,1
6500,90000,1
6900,100000,1
6827,100000,1
9142,200000,1
10666,300000,1
11815,400000,1
12751,500000,1
13598,600000,1
14342,700000,1
73,100,2
130,200,2
174,300,2
231,400,2
262,500,2
307,600,2
361,700,2
398,800,2
428,900,2
456,1000,2
435,1000,2
776,2000,2
1007,3000,2
1217,4000,2
1345,5000,2
1631,6000,2
1694,7000,2
1851,8000,2
2027,9000,2
2068,10000,2
2153,10000,2
3181,20000,2
3867,30000,2
4478,40000,2
5049,50000,2
5435,60000,2
5842,70000,2
6278,80000,2
6509,90000,2
6801,100000,2
6850,100000,2
9161,200000,2
10574,300000,2
11770,400000,2
12826,500000,2
13635,600000,2
14365,700000,2
73,100,3
140,200,3
169,300,3
233,400,3
286,500,3
314,600,3
344,700,3
376,800,3
451,900,3
461,1000,3
461,1000,3
718,2000,3
999,3000,3
1196,4000,3
1412,5000,3
1576,6000,3
1697,7000,3
1892,8000,3
2004,9000,3
2137,10000,3
2136,10000,3
3164,20000,3
3910,30000,3
4455,40000,3
5007,50000,3
5424,60000,3
5882,70000,3
6237,80000,3
6512,90000,3
6834,100000,3
6903,100000,3
9206,200000,3
10646,300000,3
11868,400000,3
12859,500000,3
13612,600000,3
14344,700000,3
79,100,4
126,200,4
180,300,4
235,400,4
277,500,4
313,600,4
332,700,4
388,800,4
421,900,4
486,1000,4
455,1000,4
723,2000,4
1002,3000,4
1223,4000,4
1366,5000,4
1539,6000,4
1735,7000,4
1833,8000,4
1973,9000,4
2160,10000,4
2151,10000,4
3168,20000,4
3914,30000,4
4569,40000,4
5046,50000,4
5503,60000,4
5947,70000,4
6286,80000,4
6600,90000,4
6859,100000,4
6855,100000,4
9228,200000,4
10666,300000,4
11837,400000,4
12770,500000,4
13621,600000,4
14322,700000,4
80,100,5
123,200,5
186,300,5
235,400,5
264,500,5
323,600,5
349,700,5
396,800,5
424,900,5
450,1000,5
458,1000,5
739,2000,5
981,3000,5
1207,4000,5
1375,5000,5
1549,6000,5
1678,7000,5
1837,8000,5
1952,9000,5
2112,10000,5
2151,10000,5
3188,20000,5
3932,30000,5
4442,40000,5
5005,50000,5
5450,60000,5
5997,70000,5
6267,80000,5
6572,90000,5
6875,100000,5
6961,100000,5
9146,200000,5
10623,300000,5
11864,400000,5
12809,500000,5
13637,600000,5
14351,700000,5
82,100,6
144,200,6
181,300,6
233,400,6
291,500,6
318,600,6
340,700,6
372,800,6
419,900,6
449,1000,6
444,1000,6
758,2000,6
975,3000,6
1169,4000,6
1401,5000,6
1591,6000,6
1720,7000,6
1864,8000,6
1998,9000,6
2141,10000,6
2131,10000,6
3139,20000,6
3812,30000,6
4554,40000,6
5035,50000,6
5410,60000,6
5880,70000,6
6248,80000,6
6618,90000,6
6857,100000,6
6841,100000,6
9159,200000,6
10752,300000,6
11898,400000,6
12808,500000,6
13657,600000,6
14351,700000,6
77,100,7
134,200,7
176,300,7
244,400,7
278,500,7
318,600,7
363,700,7
400,800,7
422,900,7
471,1000,7
461,1000,7
747,2000,7
1018,3000,7
1185,4000,7
1435,5000,7
1557,6000,7
1717,7000,7
1882,8000,7
2005,9000,7
2103,10000,7
2147,10000,7
3099,20000,7
3788,30000,7
4450,40000,7
4992,50000,7
5470,60000,7
5902,70000,7
6243,80000,7
6609,90000,7
6829,100000,7
6968,100000,7
9113,200000,7
10708,300000,7
11870,400000,7
12854,500000,7
13610,600000,7
14351,700000,7
81,100,8
135,200,8
194,300,8
229,400,8
272,500,8
317,600,8
331,700,8
373,800,8
399,900,8
453,1000,8
455,1000,8
732,2000,8
1024,3000,8
1236,4000,8
1355,5000,8
1567,6000,8
1806,7000,8
1898,8000,8
2032,9000,8
2168,10000,8
2107,10000,8
3142,20000,8
3869,30000,8
4429,40000,8
4931,50000,8
5430,60000,8
5875,70000,8
6217,80000,8
6672,90000,8
6846,100000,8
6852,100000,8
9223,200000,8
10695,300000,8
11828,400000,8
12872,500000,8
13643,600000,8
14382,700000,8
81,100,9
121,200,9
166,300,9
219,400,9
261,500,9
313,600,9
352,700,9
405,800,9
428,900,9
437,1000,9
438,1000,9
717,2000,9
993,3000,9
1186,4000,9
1413,5000,9
1572,6000,9
1720,7000,9
1898,8000,9
1986,9000,9
2115,10000,9
2122,10000,9
3117,20000,9
3934,30000,9
4507,40000,9
5020,50000,9
5488,60000,9
5839,70000,9
6270,80000,9
6532,90000,9
6825,100000,9
6920,100000,9
9140,200000,9
10745,300000,9
11867,400000,9
12790,500000,9
13637,600000,9
14351,700000,9
72,100,10
130,200,10
186,300,10
223,400,10
286,500,10
314,600,10
368,700,10
387,800,10
446,900,10
437,1000,10
482,1000,10
741,2000,10
967,3000,10
1213,4000,10
1392,5000,10
1556,6000,10
1692,7000,10
1917,8000,10
2015,9000,10
2157,10000,10
2118,10000,10
3166,20000,10
3876,30000,10
4471,40000,10
4982,50000,10
5454,60000,10
5876,70000,10
6196,80000,10
6642,90000,10
6838,100000,10
6890,100000,10
9135,200000,10
10686,300000,10
11819,400000,10
12731,500000,10
13626,600000,10
14369,700000,10
79,100,11
117,200,11
191,300,11
218,400,11
281,500,11
320,600,11
361,700,11
379,800,11
406,900,11
463,1000,11
441,1000,11
756,2000,11
967,3000,11
1194,4000,11
1435,5000,11
1610,6000,11
1730,7000,11
1821,8000,11
1998,9000,11
2196,10000,11
2095,10000,11
3163,20000,11
3885,30000,11
4558,40000,11
5017,50000,11
5520,60000,11
5940,70000,11
6312,80000,11
6533,90000,11
6881,100000,11
6806,100000,11
9147,200000,11
10625,300000,11
11851,400000,11
12818,500000,11
13668,600000,11
14348,700000,11
79,100,12
147,200,12
190,300,12
238,400,12
264,500,12
328,600,12
357,700,12
393,800,12
450,900,12
444,1000,12
449,1000,12
734,2000,12
981,3000,12
1186,4000,12
1387,5000,12
1554,6000,12
1734,7000,12
1875,8000,12
2020,9000,12
2169,10000,12
2128,10000,12
3132,20000,12
3960,30000,12
4550,40000,12
4988,50000,12
5510,60000,12
5912,70000,12
6256,80000,12
6580,90000,12
6818,100000,12
6855,100000,12
9280,200000,12
10623,300000,12
11864,400000,12
12783,500000,12
13633,600000,12
14356,700000,12
82,100,13
131,200,13
189,300,13
228,400,13
266,500,13
327,600,13
359,700,13
388,800,13
437,900,13
457,1000,13
444,1000,13
763,2000,13
1001,3000,13
1208,4000,13
1400,5000,13
1547,6000,13
1738,7000,13
1887,8000,13
2001,9000,13
2093,10000,13
2155,10000,13
3150,20000,13
3910,30000,13
4501,40000,13
5062,50000,13
5456,60000,13
5913,70000,13
6336,80000,13
6691,90000,13
6865,100000,13
6918,100000,13
9250,200000,13
10721,300000,13
11805,400000,13
12793,500000,13
13626,600000,13
14356,700000,13
75,100,14
145,200,14
194,300,14
224,400,14
264,500,14
308,600,14
337,700,14
373,800,14
424,900,14
487,1000,14
464,1000,14
756,2000,14
975,3000,14
1216,4000,14
1375,5000,14
1561,6000,14
1727,7000,14
1911,8000,14
2029,9000,14
2123,10000,14
2104,10000,14
3129,20000,14
3871,30000,14
4502,40000,14
4978,50000,14
5466,60000,14
5889,70000,14
6348,80000,14
6632,90000,14
6862,100000,14
6867,100000,14
9166,200000,14
10613,300000,14
11850,400000,14
12782,500000,14
13650,600000,14
14341,700000,14
74,100,15
134,200,15
175,300,15
223,400,15
287,500,15
304,600,15
350,700,15
388,800,15
449,900,15
442,1000,15
466,1000,15
748,2000,15
991,3000,15
1239,4000,15
1397,5000,15
1511,6000,15
1713,7000,15
1846,8000,15
2032,9000,15
2090,10000,15
2152,10000,15
3134,20000,15
3867,30000,15
4545,40000,15
4979,50000,15
5439,60000,15
5761,70000,15
6222,80000,15
6613,90000,15
6880,100000,15
6916,100000,15
9223,200000,15
10644,300000,15
11886,400000,15
12824,500000,15
13642,600000,15
14367,700000,15
77,100,16
131,200,16
181,300,16
226,400,16
267,500,16
301,600,16
345,700,16
396,800,16
436,900,16
462,1000,16
469,1000,16
744,2000,16
998,3000,16
1200,4000,16
1420,5000,16
1574,6000,16
1696,7000,16
1873,8000,16
2004,9000,16
2146,10000,16
2124,10000,16
3140,20000,16
3918,30000,16
4548,40000,16
5052,50000,16
5437,60000,16
5881,70000,16
6213,80000,16
6525,90000,16
6817,100000,16
6909,100000,16
9118,200000,16
10698,300000,16
11835,400000,16
12821,500000,16
13649,600000,16
14350,700000,16
82,100,17
139,200,17
182,300,17
240,400,17
273,500,17
306,600,17
354,700,17
381,800,17
397,900,17
449,1000,17
441,1000,17
763,2000,17
1024,3000,17
1217,4000,17
1396,5000,17
1518,6000,17
1721,7000,17
1852,8000,17
2024,9000,17
2141,10000,17
2106,10000,17
3194,20000,17
3881,30000,17
4503,40000,17
5101,50000,17
5443,60000,17
5906,70000,17
6294,80000,17
6574,90000,17
6841,100000,17
6855,100000,17
9082,200000,17
10757,300000,17
11895,400000,17
12857,500000,17
13636,600000,17
14353,700000,17
76,100,18
132,200,18
183,300,18
228,400,18
284,500,18
306,600,18
344,700,18
392,800,18
430,900,18
450,1000,18
438,1000,18
756,2000,18
1012,3000,18
1194,4000,18
1392,5000,18
1566,6000,18
1711,7000,18
1873,8000,18
2003,9000,18
2125,10000,18
2167,10000,18
3189,20000,18
3950,30000,18
4485,40000,18
4941,50000,18
5587,60000,18
5925,70000,18
6283,80000,18
6591,90000,18
6876,100000,18
6936,100000,18
9195,200000,18
10643,300000,18
11828,400000,18
12845,500000,18
13586,600000,18
14350,700000,18
76,100,19
141,200,19
195,300,19
243,400,19
281,500,19
302,600,19
345,700,19
383,800,19
436,900,19
445,1000,19
459,1000,19
734,2000,19
956,3000,19
1182,4000,19
1391,5000,19
1544,6000,19
1680,7000,19
1867,8000,19
1931,9000,19
2159,10000,19
2080,10000,19
3119,20000,19
3899,30000,19
4504,40000,19
5057,50000,19
5414,60000,19
5895,70000,19
6294,80000,19
6610,90000,19
6863,100000,19
6948,100000,19
9116,200000,19
10734,300000,19
11770,400000,19
12817,500000,19
13667,600000,19
14353,700000,19
78,100,20
130,200,20
188,300,20
230,400,20
275,500,20
319,600,20
333,700,20
409,800,20
437,900,20
450,1000,20
467,1000,20
777,2000,20
1001,3000,20
1205,4000,20
1357,5000,20
1509,6000,20
1723,7000,20
1854,8000,20
1974,9000,20
2128,10000,20
2135,10000,20
3138,20000,20
3913,30000,20
4504,40000,20
5022,50000,20
5510,60000,20
5839,70000,20
6290,80000,20
6462,90000,20
6862,100000,20
6851,100000,20
9195,200000,20
10725,300000,20
11832,400000,20
12781,500000,20
13623,600000,20
14342,700000,20
76,100,21
133,200,21
186,300,21
234,400,21
280,500,21
321,600,21
345,700,21
395,800,21
418,900,21
453,1000,21
458,1000,21
743,2000,21
959,3000,21
1215,4000,21
1356,5000,21
1511,6000,21
1726,7000,21
1869,8000,21
1998,9000,21
2148,10000,21
2145,10000,21
3137,20000,21
3924,30000,21
4481,40000,21
5041,50000,21
5517,60000,21
5914,70000,21
6215,80000,21
6507,90000,21
6966,100000,21
6869,100000,21
9150,200000,21
10648,300000,21
11790,400000,21
12792,500000,21
13696,600000,21
14364,700000,21
77,100,22
131,200,22
192,300,22
226,400,22
280,500,22
316,600,22
337,700,22
393,800,22
399,900,22
456,1000,22
486,1000,22
718,2000,22
1002,3000,22
1160,4000,22
1426,5000,22
1515,6000,22
1730,7000,22
1933,8000,22
1951,9000,22
2135,10000,22
2168,10000,22
3182,20000,22
3927,30000,22
4509,40000,22
5011,50000,22
5455,60000,22
5876,70000,22
6184,80000,22
6448,90000,22
6897,100000,22
6876,100000,22
9162,200000,22
10741,300000,22
11842,400000,22
12815,500000,22
13629,600000,22
14360,700000,22
75,100,23
141,200,23
191,300,23
231,400,23
263,500,23
320,600,23
348,700,23
392,800,23
458,900,23
450,1000,23
433,1000,23
721,2000,23
1006,3000,23
1196,4000,23
1380,5000,23
1560,6000,23
1711,7000,23
1854,8000,23
2002,9000,23
2094,10000,23
2154,10000,23
3167,20000,23
3897,30000,23
4581,40000,23
4991,50000,23
5512,60000,23
5925,70000,23
6259,80000,23
6529,90000,23
6898,100000,23
6912,100000,23
9186,200000,23
10660,300000,23
11774,400000,23
12877,500000,23
13622,600000,23
14344,700000,23
82,100,24
128,200,24
171,300,24
214,400,24
263,500,24
312,600,24
336,700,24
369,800,24
441,900,24
452,1000,24
466,1000,24
744,2000,24
976,3000,24
1165,4000,24
1394,5000,24
1542,6000,24
1726,7000,24
1890,8000,24
1997,9000,24
2111,10000,24
2096,10000,24
3156,20000,24
3915,30000,24
4501,40000,24
5007,50000,24
5481,60000,24
5867,70000,24
6198,80000,24
6563,90000,24
6773,100000,24
6834,100000,24
9081,200000,24
10668,300000,24
11834,400000,24
12803,500000,24
13594,600000,24
14356,700000,24
77,100,25
123,200,25
181,300,25
228,400,25
289,500,25
305,600,25
345,700,25
383,800,25
437,900,25
455,1000,25
465,1000,25
768,2000,25
1011,3000,25
1199,4000,25
1376,5000,25
1580,6000,25
1711,7000,25
1843,8000,25
1998,9000,25
2136,10000,25
2085,10000,25
3166,20000,25
3948,30000,25
4511,40000,25
4981,50000,25
5416,60000,25
5917,70000,25
6195,80000,25
6634,90000,25
6877,100000,25
6892,100000,25
9144,200000,25
10766,300000,25
11889,400000,25
12830,500000,25
13659,600000,25
14343,700000,25
78,100,26
140,200,26
176,300,26
232,400,26
260,500,26
297,600,26
372,700,26
396,800,26
414,900,26
465,1000,26
479,1000,26
739,2000,26
1037,3000,26
1192,4000,26
1382,5000,26
1521,6000,26
1725,7000,26
1916,8000,26
1964,9000,26
2144,10000,26
2176,10000,26
3128,20000,26
3891,30000,26
4509,40000,26
5084,50000,26
5449,60000,26
5867,70000,26
6231,80000,26
6553,90000,26
6983,100000,26
6936,100000,26
9168,200000,26
10618,300000,26
11857,400000,26
12797,500000,26
13618,600000,26
14330,700000,26
72,100,27
139,200,27
188,300,27
240,400,27
253,500,27
330,600,27
336,700,27
376,800,27
399,900,27
479,1000,27
463,1000,27
770,2000,27
1007,3000,27
1222,4000,27
1359,5000,27
1613,6000,27
1692,7000,27
1893,8000,27
2030,9000,27
2127,10000,27
2128,10000,27
3068,20000,27
3946,30000,27
4493,40000,27
5064,50000,27
5459,60000,27
5886,70000,27
6313,80000,27
6629,90000,27
6926,100000,27
6873,100000,27
9131,200000,27
10601,300000,27
11835,400000,27
12841,500000,27
13605,600000,27
14367,700000,27
79,100,28
137,200,28
183,300,28
229,400,28
270,500,28
333,600,28
339,700,28
366,800,28
409,900,28
461,1000,28
455,1000,28
744,2000,28
978,3000,28
1155,4000,28
1353,5000,28
1559,6000,28
1681,7000,28
1876,8000,28
2011,9000,28
2116,10000,28
2185,10000,28
3153,20000,28
3955,30000,28
4536,40000,28
5040,50000,28
5479,60000,28
5861,70000,28
6250,80000,28
6577,90000,28
6949,100000,28
6918,100000,28
9153,200000,28
10762,300000,28
11888,400000,28
12826,500000,28
13658,600000,28
14343,700000,28
84,100,29
139,200,29
188,300,29
231,400,29
273,500,29
323,600,29
343,700,29
380,800,29
411,900,29
454,1000,29
467,1000,29
758,2000,29
976,3000,29
1173,4000,29
1382,5000,29
1564,6000,29
1715,7000,29
1876,8000,29
2063,9000,29
2185,10000,29
2121,10000,29
3187,20000,29
3871,30000,29
4554,40000,29
5022,50000,29
5452,60000,29
5920,70000,29
6211,80000,29
6534,90000,29
6832,100000,29
6861,100000,29
9089,200000,29
10746,300000,29
11899,400000,29
12831,500000,29
13624,600000,29
14385,700000,29
75,100,30
138,200,30
205,300,30
215,400,30
270,500,30
304,600,30
355,700,30
356,800,30
465,900,30
462,1000,30
460,1000,30
764,2000,30
1036,3000,30
1205,4000,30
1387,5000,30
1603,6000,30
1687,7000,30
1859,8000,30
1988,9000,30
2145,10000,30
2162,10000,30
3157,20000,30
3931,30000,30
4511,40000,30
5052,50000,30
5462,60000,30
5899,70000,30
6269,80000,30
6603,90000,30
6889,100000,30
6840,100000,30
9171,200000,30
10690,300000,30
11824,400000,30
12804,500000,30
13645,600000,30
14349,700000,30
81,100,31
137,200,31
188,300,31
251,400,31
298,500,31
304,600,31
336,700,31
396,800,31
443,900,31
459,1000,31
437,1000,31
738,2000,31
1012,3000,31
1208,4000,31
1350,5000,31
1583,6000,31
1752,7000,31
1841,8000,31
1999,9000,31
2139,10000,31
2140,10000,31
3175,20000,31
3917,30000,31
4540,40000,31
5047,50000,31
5470,60000,31
5856,70000,31
6220,80000,31
6518,90000,31
6879,100000,31
6812,100000,31
9168,200000,31
10704,300000,31
11899,400000,31
12828,500000,31
13617,600000,31
14361,700000,31
79,100,32
136,200,32
195,300,32
228,400,32
280,500,32
331,600,32
343,700,32
399,800,32
425,900,32
422,1000,32
474,1000,32
777,2000,32
1002,3000,32
1201,4000,32
1401,5000,32
1580,6000,32
1702,7000,32
1863,8000,32
1982,9000,32
2161,10000,32
2128,10000,32
3155,20000,32
3901,30000,32
4528,40000,32
4917,50000,32
5544,60000,32
5923,70000,32
6181,80000,32
6580,90000,32
6887,100000,32
6845,100000,32
9072,200000,32
10595,300000,32
11816,400000,32
12821,500000,32
13653,600000,32
14332,700000,32
85,100,33
132,200,33
184,300,33
221,400,33
272,500,33
306,600,33
358,700,33
382,800,33
421,900,33
450,1000,33
440,1000,33
780,2000,33
1057,3000,33
1189,4000,33
1339,5000,33
1522,6000,33
1755,7000,33
1854,8000,33
2044,9000,33
2065,10000,33
2110,10000,33
3121,20000,33
3960,30000,33
4439,40000,33
5047,50000,33
5586,60000,33
5884,70000,33
6224,80000,33
6512,90000,33
6887,100000,33
6874,100000,33
9167,200000,33
10662,300000,33
11844,400000,33
12857,500000,33
13650,600000,33
14346,700000,33
81,100,34
133,200,34
193,300,34
235,400,34
249,500,34
311,600,34
362,700,34
385,800,34
425,900,34
468,1000,34
447,1000,34
727,2000,34
993,3000,34
1215,4000,34
1366,5000,34
1581,6000,34
1720,7000,34
1863,8000,34
2008,9000,34
2121,10000,34
2113,10000,34
3153,20000,34
3856,30000,34
4472,40000,34
5067,50000,34
5483,60000,34
5936,70000,34
6247,80000,34
6630,90000,34
6841,100000,34
6862,100000,34
9102,200000,34
10639,300000,34
11864,400000,34
12799,500000,34
13652,600000,34
14346,700000,34
68,100,35
138,200,35
186,300,35
256,400,35
265,500,35
314,600,35
343,700,35
371,800,35
441,900,35
485,1000,35
485,1000,35
752,2000,35
975,3000,35
1187,4000,35
1395,5000,35
1561,6000,35
1738,7000,35
1903,8000,35
2027,9000,35
2105,10000,35
2142,10000,35
3138,20000,35
3903,30000,35
4571,40000,35
5055,50000,35
5514,60000,35
5899,70000,35
6260,80000,35
6533,90000,35
6927,100000,35
6880,100000,35
9021,200000,35
10606,300000,35
11830,400000,35
12903,500000,35
13595,600000,35
14357,700000,35
77,100,36
132,200,36
182,300,36
213,400,36
281,500,36
300,600,36
333,700,36
362,800,36
407,900,36
449,1000,36
477,1000,36
706,2000,36
996,3000,36
1205,4000,36
1377,5000,36
1564,6000,36
1636,7000,36
1834,8000,36
1978,9000,36
2102,10000,36
2061,10000,36
3217,20000,36
3916,30000,36
4500,40000,36
4987,50000,36
5415,60000,36
5830,70000,36
6198,80000,36
6609,90000,36
6907,100000,36
6940,100000,36
9208,200000,36
10660,300000,36
11873,400000,36
12743,500000,36
13639,600000,36
14359,700000,36
84,100,37
134,200,37
196,300,37
216,400,37
260,500,37
318,600,37
365,700,37
368,800,37
447,900,37
458,1000,37
450,1000,37
733,2000,37
1000,3000,37
1194,4000,37
1383,5000,37
1572,6000,37
1725,7000,37
1859,8000,37
1977,9000,37
2103,10000,37
2201,10000,37
3162,20000,37
3875,30000,37
4537,40000,37
4972,50000,37
5424,60000,37
5934,70000,37
6279,80000,37
6615,90000,37
6842,100000,37
6826,100000,37
9094,200000,37
10640,300000,37
11873,400000,37
12815,500000,37
13585,600000,37
14341,700000,37
72,100,38
137,200,38
189,300,38
233,400,38
250,500,38
339,600,38
341,700,38
385,800,38
451,900,38
462,1000,38
451,1000,38
758,2000,38
926,3000,38
1208,4000,38
1392,5000,38
1571,6000,38
1739,7000,38
1831,8000,38
2008,9000,38
2106,10000,38
2164,10000,38
3156,20000,38
3936,30000,38
4480,40000,38
4947,50000,38
5446,60000,38
5947,70000,38
6221,80000,38
6555,90000,38
6890,100000,38
6935,100000,38
9159,200000,38
10714,300000,38
11837,400000,38
12794,500000,38
13637,600000,38
14359,700000,38
76,100,39
129,200,39
193,300,39
234,400,39
278,500,39
305,600,39
342,700,39
391,800,39
429,900,39
453,1000,39
462,1000,39
752,2000,39
983,3000,39
1198,4000,39
1406,5000,39
1544,6000,39
1722,7000,39
1878,8000,39
1957,9000,39
2136,10000,39
2193,10000,39
3149,20000,39
3867,30000,39
4495,40000,39
5029,50000,39
5477,60000,39
5863,70000,39
6189,80000,39
6577,90000,39
6906,100000,39
6808,100000,39
9288,200000,39
10574,300000,39
11815,400000,39
12819,500000,39
13622,600000,39
14353,700000,39
75,100,40
134,200,40
179,300,40
238,400,40
274,500,40
306,600,40
351,700,40
390,800,40
428,900,40
472,1000,40
449,1000,40
758,2000,40
1024,3000,40
1190,4000,40
1360,5000,40
1581,6000,40
1745,7000,40
1887,8000,40
1982,9000,40
2139,10000,40
2102,10000,40
3160,20000,40
3972,30000,40
4542,40000,40
5010,50000,40
5472,60000,40
5863,70000,40
6243,80000,40
6584,90000,40
6935,100000,40
6840,100000,40
9198,200000,40
10630,300000,40
11831,400000,40
12805,500000,40
13634,600000,40
14353,700000,40
73,100,41
141,200,41
186,300,41
239,400,41
274,500,41
309,600,41
376,700,41
389,800,41
447,900,41
507,1000,41
445,1000,41
745,2000,41
992,3000,41
1227,4000,41
1404,5000,41
1545,6000,41
1672,7000,41
1896,8000,41
1978,9000,41
2131,10000,41
2134,10000,41
3153,20000,41
3876,30000,41
4558,40000,41
5079,50000,41
5521,60000,41
5951,70000,41
6257,80000,41
6619,90000,41
6914,100000,41
6903,100000,41
9123,200000,41
10705,300000,41
11795,400000,41
12856,500000,41
13638,600000,41
14346,700000,41
85,100,42
145,200,42
195,300,42
224,400,42
267,500,42
301,600,42
328,700,42
376,800,42
456,900,42
457,1000,42
409,1000,42
732,2000,42
1002,3000,42
1235,4000,42
1391,5000,42
1560,6000,42
1685,7000,42
1869,8000,42
1994,9000,42
2106,10000,42
2097,10000,42
3158,20000,42
3954,30000,42
4495,40000,42
5069,50000,42
5452,60000,42
5945,70000,42
6232,80000,42
6572,90000,42
6881,100000,42
6854,100000,42
9170,200000,42
10629,300000,42
11923,400000,42
12849,500000,42
13662,600000,42
14353,700000,42
76,100,43
125,200,43
189,300,43
241,400,43
284,500,43
326,600,43
344,700,43
380,800,43
401,900,43
456,1000,43
461,1000,43
748,2000,43
962,3000,43
1185,4000,43
1394,5000,43
1589,6000,43
1722,7000,43
1813,8000,43
2052,9000,43
2081,10000,43
2138,10000,43
3220,20000,43
3877,30000,43
4500,40000,43
5053,50000,43
5450,60000,43
5901,70000,43
6228,80000,43
6635,90000,43
6912,100000,43
6899,100000,43
9108,200000,43
10616,300000,43
11835,400000,43
12825,500000,43
13626,600000,43
14365,700000,43
82,100,44
137,200,44
192,300,44
234,400,44
278,500,44
306,600,44
356,700,44
373,800,44
424,900,44
450,1000,44
442,1000,44
749,2000,44
965,3000,44
1172,4000,44
1362,5000,44
1580,6000,44
1712,7000,44
1831,8000,44
1986,9000,44
2118,10000,44
2159,10000,44
3258,20000,44
3900,30000,44
4519,40000,44
5026,50000,44
5472,60000,44
5788,70000,44
6269,80000,44
6594,90000,44
6907,100000,44
6998,100000,44
9130,200000,44
10659,300000,44
11861,400000,44
12785,500000,44
13640,600000,44
14359,700000,44
82,100,45
132,200,45
196,300,45
240,400,45
259,500,45
329,600,45
359,700,45
386,800,45
411,900,45
472,1000,45
463,1000,45
751,2000,45
982,3000,45
1183,4000,45
1372,5000,45
1546,6000,45
1726,7000,45
1843,8000,45
1992,9000,45
2075,10000,45
2147,10000,45
3148,20000,45
3919,30000,45
4554,40000,45
4993,50000,45
5529,60000,45
5889,70000,45
6230,80000,45
6485,90000,45
6937,100000,45
6945,100000,45
9199,200000,45
10724,300000,45
11918,400000,45
12878,500000,45
13657,600000,45
14353,700000,45
82,100,46
124,200,46
184,300,46
224,400,46
276,500,46
329,600,46
364,700,46
389,800,46
417,900,46
463,1000,46
459,1000,46
762,2000,46
999,3000,46
1208,4000,46
1397,5000,46
1557,6000,46
1698,7000,46
1848,8000,46
2001,9000,46
2041,10000,46
2105,10000,46
3177,20000,46
3902,30000,46
4458,40000,46
5034,50000,46
5525,60000,46
5830,70000,46
6214,80000,46
6567,90000,46
6966,100000,46
6904,100000,46
9133,200000,46
10723,300000,46
11886,400000,46
12840,500000,46
13598,600000,46
14348,700000,46
78,100,47
130,200,47
193,300,47
236,400,47
281,500,47
310,600,47
364,700,47
390,800,47
419,900,47
462,1000,47
441,1000,47
755,2000,47
986,3000,47
1204,4000,47
1376,5000,47
1555,6000,47
1717,7000,47
1897,8000,47
2014,9000,47
2087,10000,47
2099,10000,47
3118,20000,47
3966,30000,47
4556,40000,47
5027,50000,47
5484,60000,47
5852,70000,47
6156,80000,47
6575,90000,47
6850,100000,47
6960,100000,47
9173,200000,47
10694,300000,47
11865,400000,47
12757,500000,47
13631,600000,47
14349,700000,47
71,100,48
136,200,48
185,300,48
233,400,48
266,500,48
302,600,48
359,700,48
398,800,48
436,900,48
484,1000,48
439,1000,48
736,2000,48
1015,3000,48
1211,4000,48
1411,5000,48
1538,6000,48
1750,7000,48
1810,8000,48
2066,9000,48
2159,10000,48
2081,10000,48
3120,20000,48
3892,30000,48
4573,40000,48
4998,50000,48
5540,60000,48
5827,70000,48
6221,80000,48
6541,90000,48
6851,100000,48
6902,100000,48
9069,200000,48
10667,300000,48
11815,400000,48
12792,500000,48
13619,600000,48
14340,700000,48
74,100,49
128,200,49
198,300,49
205,400,49
276,500,49
312,600,49
359,700,49
396,800,49
446,900,49
451,1000,49
433,1000,49
760,2000,49
1036,3000,49
1213,4000,49
1384,5000,49
1565,6000,49
1665,7000,49
1845,8000,49
2013,9000,49
2122,10000,49
2147,10000,49
3184,20000,49
3876,30000,49
4493,40000,49
5045,50000,49
5527,60000,49
5859,70000,49
6279,80000,49
6587,90000,49
6893,100000,49
6870,100000,49
9131,200000,49
10662,300000,49
11847,400000,49
12763,500000,49
13643,600000,49
14343,700000,49
81,100,50
142,200,50
188,300,50
224,400,50
267,500,50
308,600,50
372,700,50
399,800,50
424,900,50
448,1000,50
455,1000,50
734,2000,50
1004,3000,50
1184,4000,50
1383,5000,50
1561,6000,50
1714,7000,50
1891,8000,50
2000,9000,50
2114,10000,50
2169,10000,50
3120,20000,50
3887,30000,50
4544,40000,50
5056,50000,50
5469,60000,50
5917,70000,50
6221,80000,50
6568,90000,50
6889,100000,50
6860,100000,50
9150,200000,50
10638,300000,50
11864,400000,50
12793,500000,50
13656,600000,50
14358,700000,50
76,100,51
135,200,51
185,300,51
224,400,51
279,500,51
316,600,51
338,700,51
401,800,51
426,900,51
456,1000,51
455,1000,51
752,2000,51
1004,3000,51
1203,4000,51
1400,5000,51
1598,6000,51
1723,7000,51
1873,8000,51
1980,9000,51
2138,10000,51
2165,10000,51
3243,20000,51
3919,30000,51
4557,40000,51
5036,50000,51
5413,60000,51
5918,70000,51
6198,80000,51
6513,90000,51
6884,100000,51
6837,100000,51
9130,200000,51
10630,300000,51
11849,400000,51
12858,500000,51
13592,600000,51
14329,700000,51
79,100,52
126,200,52
187,300,52
225,400,52
283,500,52
315,600,52
372,700,52
359,800,52
433,900,52
453,1000,52
452,1000,52
752,2000,52
986,3000,52
1205,4000,52
1379,5000,52
1539,6000,52
1732,7000,52
1863,8000,52
1984,9000,52
2096,10000,52
2150,10000,52
3124,20000,52
3885,30000,52
4542,40000,52
5029,50000,52
5532,60000,52
5828,70000,52
6247,80000,52
6614,90000,52
6824,100000,52
6918,100000,52
9124,200000,52
10700,300000,52
11892,400000,52
12746,500000,52
13639,600000,52
14346,700000,52
83,100,53
129,200,53
190,300,53
227,400,53
287,500,53
313,600,53
357,700,53
408,800,53
422,900,53
487,1000,53
455,1000,53
728,2000,53
984,3000,53
1221,4000,53
1396,5000,53
1560,6000,53
1705,7000,53
1854,8000,53
1980,9000,53
2106,10000,53
2139,10000,53
3139,20000,53
3878,30000,53
4535,40000,53
4970,50000,53
5549,60000,53
5878,70000,53
6298,80000,53
6621,90000,53
6889,100000,53
6917,100000,53
9086,200000,53
10688,300000,53
11833,400000,53
12819,500000,53
13633,600000,53
14327,700000,53
78,100,54
145,200,54
181,300,54
230,400,54
287,500,54
317,600,54
362,700,54
377,800,54
433,900,54
458,1000,54
436,1000,54
735,2000,54
986,3000,54
1197,4000,54
1372,5000,54
1528,6000,54
1715,7000,54
1852,8000,54
1998,9000,54
2109,10000,54
2092,10000,54
3154,20000,54
3960,30000,54
4503,40000,54
5083,50000,54
5500,60000,54
5955,70000,54
6252,80000,54
6582,90000,54
6923,100000,54
6899,100000,54
9083,200000,54
10695,300000,54
11818,400000,54
12837,500000,54
13594,600000,54
14355,700000,54
84,100,55
136,200,55
178,300,55
221,400,55
269,500,55
333,600,55
342,700,55
390,800,55
442,900,55
470,1000,55
446,1000,55
748,2000,55
975,3000,55
1239,4000,55
1371,5000,55
1547,6000,55
1686,7000,55
1849,8000,55
2006,9000,55
2139,10000,55
2111,10000,55
3213,20000,55
3918,30000,55
4469,40000,55
5006,50000,55
5565,60000,55
5835,70000,55
6191,80000,55
6592,90000,55
6924,100000,55
6853,100000,55
9193,200000,55
10740,300000,55
11771,400000,55
12855,500000,55
13627,600000,55
14363,700000,55
71,100,56
133,200,56
188,300,56
232,400,56
280,500,56
306,600,56
334,700,56
391,800,56
430,900,56
448,1000,56
453,1000,56
733,2000,56
1000,3000,56
1208,4000,56
1382,5000,56
1566,6000,56
1697,7000,56
1842,8000,56
2022,9000,56
2143,10000,56
2129,10000,56
3186,20000,56
3899,30000,56
4492,40000,56
5084,50000,56
5486,60000,56
6013,70000,56
6282,80000,56
6492,90000,56
6843,100000,56
6915,100000,56
9096,200000,56
10660,300000,56
11906,400000,56
12857,500000,56
13643,600000,56
14360,700000,56
76,100,57
132,200,57
197,300,57
251,400,57
280,500,57
314,600,57
349,700,57
393,800,57
432,900,57
451,1000,57
465,1000,57
738,2000,57
969,3000,57
1218,4000,57
1416,5000,57
1561,6000,57
1748,7000,57
1830,8000,57
2033,9000,57
2100,10000,57
2129,10000,57
3148,20000,57
3864,30000,57
4558,40000,57
5024,50000,57
5440,60000,57
5836,70000,57
6259,80000,57
6617,90000,57
6857,100000,57
6856,100000,57
9172,200000,57
10725,300000,57
11862,400000,57
12786,500000,57
13628,600000,57
14356,700000,57
75,100,58
127,200,58
176,300,58
225,400,58
276,500,58
320,600,58
352,700,58
385,800,58
411,900,58
469,1000,58
451,1000,58
770,2000,58
993,3000,58
1232,4000,58
1383,5000,58
1578,6000,58
1720,7000,58
1844,8000,58
1944,9000,58
2157,10000,58
2130,10000,58
3116,20000,58
3935,30000,58
4540,40000,58
4994,50000,58
5528,60000,58
5924,70000,58
6303,80000,58
6591,90000,58
6909,100000,58
6888,100000,58
9142,200000,58
10582,300000,58
11860,400000,58
12850,500000,58
13674,600000,58
14342,700000,58
87,100,59
132,200,59
199,300,59
222,400,59
274,500,59
317,600,59
342,700,59
390,800,59
440,900,59
488,1000,59
434,1000,59
741,2000,59
993,3000,59
1165,4000,59
1423,5000,59
1576,6000,59
1713,7000,59
1854,8000,59
2018,9000,59
2130,10000,59
2062,10000,59
3114,20000,59
3915,30000,59
4548,40000,59
5093,50000,59
5527,60000,59
5871,70000,59
6209,80000,59
6591,90000,59
6910,100000,59
6900,100000,59
9135,200000,59
10712,300000,59
11825,400000,59
12733,500000,59
13631,600000,59
14360,700000,59
73,100,60
135,200,60
189,300,60
223,400,60
272,500,60
291,600,60
364,700,60
380,800,60
445,900,60
450,1000,60
454,1000,60
775,2000,60
1015,3000,60
1197,4000,60
1407,5000,60
1565,6000,60
1705,7000,60
1852,8000,60
2009,9000,60
2169,10000,60
2129,10000,60
3118,20000,60
3932,30000,60
4550,40000,60
5026,50000,60
5462,60000,60
5804,70000,60
6316,80000,60
6577,90000,60
6897,100000,60
6884,100000,60
9129,200000,60
10685,300000,60
11878,400000,60
12819,500000,60
13613,600000,60
14349,700000,60
76,100,61
130,200,61
175,300,61
236,400,61
262,500,61
319,600,61
352,700,61
397,800,61
416,900,61
462,1000,61
457,1000,61
758,2000,61
978,3000,61
1219,4000,61
1397,5000,61
1579,6000,61
1728,7000,61
1864,8000,61
2007,9000,61
2117,10000,61
2194,10000,61
3141,20000,61
3928,30000,61
4520,40000,61
4997,50000,61
5501,60000,61
5793,70000,61
6227,80000,61
6562,90000,61
6828,100000,61
6866,100000,61
9193,200000,61
10705,300000,61
11837,400000,61
12901,500000,61
13651,600000,61
14355,700000,61
72,100,62
133,200,62
188,300,62
216,400,62
260,500,62
317,600,62
363,700,62
392,800,62
430,900,62
449,1000,62
461,1000,62
710,2000,62
994,3000,62
1166,4000,62
1373,5000,62
1529,6000,62
1724,7000,62
1826,8000,62
1977,9000,62
2105,10000,62
2095,10000,62
3189,20000,62
3883,30000,62
4509,40000,62
5067,50000,62
5437,60000,62
5916,70000,62
6255,80000,62
6525,90000,62
6956,100000,62
6900,100000,62
9231,200000,62
10633,300000,62
11812,400000,62
12821,500000,62
13701,600000,62
14368,700000,62
78,100,63
122,200,63
185,300,63
216,400,63
268,500,63
310,600,63
346,700,63
387,800,63
433,900,63
455,1000,63
457,1000,63
739,2000,63
998,3000,63
1178,4000,63
1400,5000,63
1573,6000,63
1746,7000,63
1835,8000,63
1993,9000,63
2166,10000,63
2087,10000,63
3151,20000,63
3901,30000,63
4557,40000,63
4996,50000,63
5499,60000,63
5867,70000,63
6211,80000,63
6614,90000,63
6884,100000,63
6906,100000,63
9186,200000,63
10743,300000,63
11836,400000,63
12793,500000,63
13634,600000,63
14346,700000,63
77,100,64
138,200,64
173,300,64
220,400,64
286,500,64
330,600,64
353,700,64
394,800,64
426,900,64
474,1000,64
471,1000,64
739,2000,64
987,3000,64
1169,4000,64
1447,5000,64
1534,6000,64
1719,7000,64
1853,8000,64
1980,9000,64
2109,10000,64
2114,10000,64
3143,20000,64
3886,30000,64
4470,40000,64
5010,50000,64
5420,60000,64
5826,70000,64
6239,80000,64
6569,90000,64
6879,100000,64
6986,100000,64
9100,200000,64
10641,300000,64
11793,400000,64
12752,500000,64
13659,600000,64
14354,700000,64
69,100,65
128,200,65
180,300,65
239,400,65
290,500,65
315,600,65
358,700,65
384,800,65
407,900,65
443,1000,65
450,1000,65
745,2000,65
1005,3000,65
1201,4000,65
1377,5000,65
1536,6000,65
1706,7000,65
1816,8000,65
1951,9000,65
2147,10000,65
2072,10000,65
3208,20000,65
3856,30000,65
4452,40000,65
5007,50000,65
5584,60000,65
5893,70000,65
6247,80000,65
6542,90000,65
6896,100000,65
6837,100000,65
9194,200000,65
10681,300000,65
11891,400000,65
12813,500000,65
13624,600000,65
14333,700000,65
74,100,66
127,200,66
201,300,66
229,400,66
282,500,66
325,600,66
361,700,66
386,800,66
412,900,66
471,1000,66
468,1000,66
722,2000,66
969,3000,66
1189,4000,66
1385,5000,66
1593,6000,66
1709,7000,66
1887,8000,66
2031,9000,66
2157,10000,66
2113,10000,66
3184,20000,66
3950,30000,66
4433,40000,66
5038,50000,66
5511,60000,66
5808,70000,66
6228,80000,66
6516,90000,66
6908,100000,66
6865,100000,66
9161,200000,66
10613,300000,66
11938,400000,66
12797,500000,66
13648,600000,66
14354,700000,66
80,100,67
127,200,67
180,300,67
226,400,67
274,500,67
296,600,67
332,700,67
395,800,67
441,900,67
436,1000,67
433,1000,67
741,2000,67
968,3000,67
1193,4000,67
1389,5000,67
1517,6000,67
1654,7000,67
1849,8000,67
1984,9000,67
2130,10000,67
2189,10000,67
3137,20000,67
3867,30000,67
4543,40000,67
5039,50000,67
5470,60000,67
5941,70000,67
6254,80000,67
6558,90000,67
6869,100000,67
6876,100000,67
9121,200000,67
10676,300000,67
11867,400000,67
12793,500000,67
13602,600000,67
14346,700000,67
75,100,68
133,200,68
193,300,68
235,400,68
274,500,68
305,600,68
348,700,68
406,800,68
434,900,68
475,1000,68
456,1000,68
759,2000,68
988,3000,68
1202,4000,68
1394,5000,68
1533,6000,68
1732,7000,68
1846,8000,68
2020,9000,68
2100,10000,68
2125,10000,68
3173,20000,68
3922,30000,68
4516,40000,68
5101,50000,68
5453,60000,68
5838,70000,68
6219,80000,68
6598,90000,68
6930,100000,68
6779,100000,68
9195,200000,68
10685,300000,68
11800,400000,68
12817,500000,68
13707,600000,68
14360,700000,68
79,100,69
133,200,69
195,300,69
234,400,69
277,500,69
307,600,69
363,700,69
393,800,69
427,900,69
470,1000,69
429,1000,69
719,2000,69
979,3000,69
1207,4000,69
1389,5000,69
1529,6000,69
1693,7000,69
1857,8000,69
2020,9000,69
2157,10000,69
2124,10000,69
3113,20000,69
3868,30000,69
4574,40000,69
5068,50000,69
5447,60000,69
5905,70000,69
6260,80000,69
6586,90000,69
6891,100000,69
6847,100000,69
9183,200000,69
10661,300000,69
11862,400000,69
12828,500000,69
13625,600000,69
14347,700000,69
79,100,70
128,200,70
195,300,70
229,400,70
254,500,70
313,600,70
355,700,70
396,800,70
412,900,70
437,1000,70
462,1000,70
762,2000,70
1007,3000,70
1181,4000,70
1401,5000,70
1586,6000,70
1726,7000,70
1919,8000,70
1998,9000,70
2113,10000,70
2125,10000,70
3135,20000,70
3960,30000,70
4523,40000,70
5017,50000,70
5570,60000,70
5919,70000,70
6186,80000,70
6546,90000,70
6842,100000,70
6863,100000,70
9162,200000,70
10676,300000,70
11918,400000,70
12796,500000,70
13641,600000,70
14358,700000,70
74,100,71
127,200,71
194,300,71
238,400,71
276,500,71
309,600,71
357,700,71
396,800,71
422,900,71
475,1000,71
461,1000,71
794,2000,71
977,3000,71
1151,4000,71
1412,5000,71
1581,6000,71
1705,7000,71
1873,8000,71
1997,9000,71
2136,10000,71
2105,10000,71
3195,20000,71
3966,30000,71
4557,40000,71
5050,50000,71
5425,60000,71
5873,70000,71
6263,80000,71
6585,90000,71
6894,100000,71
6897,100000,71
9090,200000,71
10696,300000,71
11862,400000,71
12765,500000,71
13596,600000,71
14351,700000,71
78,100,72
137,200,72
179,300,72
234,400,72
265,500,72
320,600,72
349,700,72
384,800,72
433,900,72
444,1000,72
454,1000,72
755,2000,72
988,3000,72
1196,4000,72
1405,5000,72
1548,6000,72
1705,7000,72
1857,8000,72
1908,9000,72
2130,10000,72
2134,10000,72
3109,20000,72
3941,30000,72
4485,40000,72
5029,50000,72
5396,60000,72
5892,70000,72
6241,80000,72
6602,90000,72
6906,100000,72
6877,100000,72
9284,200000,72
10695,300000,72
11830,400000,72
12787,500000,72
13669,600000,72
14354,700000,72
75,100,73
128,200,73
188,300,73
235,400,73
274,500,73
321,600,73
369,700,73
392,800,73
423,900,73
447,1000,73
456,1000,73
724,2000,73
943,3000,73
1213,4000,73
1413,5000,73
1573,6000,73
1711,7000,73
1855,8000,73
1958,9000,73
2143,10000,73
2132,10000,73
3128,20000,73
3859,30000,73
4502,40000,73
5015,50000,73
5488,60000,73
5882,70000,73
6208,80000,73
6575,90000,73
6917,100000,73
6828,100000,73
9173,200000,73
10641,300000,73
11895,400000,73
12800,500000,73
13639,600000,73
14355,700000,73
81,100,74
136,200,74
186,300,74
229,400,74
269,500,74
304,600,74
360,700,74
378,800,74
419,900,74
454,1000,74
467,1000,74
747,2000,74
1009,3000,74
1200,4000,74
1369,5000,74
1529,6000,74
1743,7000,74
1863,8000,74
1970,9000,74
2144,10000,74
2115,10000,74
3166,20000,74
3908,30000,74
4553,40000,74
4999,50000,74
5425,60000,74
5952,70000,74
6304,80000,74
6580,90000,74
6806,100000,74
6854,100000,74
9213,200000,74
10648,300000,74
11881,400000,74
12821,500000,74
13587,600000,74
14364,700000,74
75,100,75
148,200,75
198,300,75
228,400,75
261,500,75
289,600,75
352,700,75
399,800,75
426,900,75
456,1000,75
432,1000,75
767,2000,75
960,3000,75
1215,4000,75
1387,5000,75
1556,6000,75
1660,7000,75
1883,8000,75
1990,9000,75
2182,10000,75
2092,10000,75
3128,20000,75
3975,30000,75
4572,40000,75
5072,50000,75
5521,60000,75
5929,70000,75
6243,80000,75
6603,90000,75
6959,100000,75
6908,100000,75
9109,200000,75
10720,300000,75
11832,400000,75
12839,500000,75
13679,600000,75
14354,700000,75
78,100,76
135,200,76
185,300,76
237,400,76
266,500,76
308,600,76
340,700,76
388,800,76
431,900,76
494,1000,76
450,1000,76
760,2000,76
993,3000,76
1196,4000,76
1427,5000,76
1580,6000,76
1734,7000,76
1867,8000,76
2014,9000,76
2125,10000,76
2154,10000,76
3225,20000,76
3931,30000,76
4563,40000,76
5051,50000,76
5425,60000,76
5881,70000,76
6228,80000,76
6601,90000,76
6859,100000,76
6958,100000,76
9147,200000,76
10651,300000,76
11846,400000,76
12824,500000,76
13605,600000,76
14363,700000,76
79,100,77
127,200,77
185,300,77
219,400,77
279,500,77
302,600,77
340,700,77
394,800,77
442,900,77
419,1000,77
478,1000,77
744,2000,77
980,3000,77
1206,4000,77
1419,5000,77
1566,6000,77
1706,7000,77
1891,8000,77
2011,9000,77
2107,10000,77
2165,10000,77
3194,20000,77
3844,30000,77
4563,40000,77
4980,50000,77
5454,60000,77
5860,70000,77
6195,80000,77
6574,90000,77
6967,100000,77
6924,100000,77
9127,200000,77
10685,300000,77
11826,400000,77
12845,500000,77
13588,600000,77
14343,700000,77
86,100,78
146,200,78
184,300,78
223,400,78
270,500,78
315,600,78
357,700,78
389,800,78
433,900,78
465,1000,78
470,1000,78
740,2000,78
996,3000,78
1197,4000,78
1364,5000,78
1552,6000,78
1671,7000,78
1847,8000,78
1988,9000,78
2064,10000,78
2112,10000,78
3153,20000,78
3883,30000,78
4470,40000,78
5088,50000,78
5527,60000,78
5864,70000,78
6271,80000,78
6644,90000,78
6884,100000,78
6948,100000,78
9071,200000,78
10692,300000,78
11883,400000,78
12801,500000,78
13652,600000,78
14347,700000,78
72,100,79
137,200,79
176,300,79
225,400,79
264,500,79
311,600,79
356,700,79
391,800,79
434,900,79
456,1000,79
455,1000,79
743,2000,79
1004,3000,79
1169,4000,79
1368,5000,79
1585,6000,79
1753,7000,79
1824,8000,79
1994,9000,79
2126,10000,79
2136,10000,79
3146,20000,79
3949,30000,79
4573,40000,79
5008,50000,79
5460,60000,79
5912,70000,79
6227,80000,79
6570,90000,79
6916,100000,79
6874,100000,79
9102,200000,79
10708,300000,79
11789,400000,79
12858,500000,79
13653,600000,79
14322,700000,79
65,100,80
135,200,80
182,300,80
231,400,80
273,500,80
329,600,80
365,700,80
376,800,80
420,900,80
446,1000,80
442,1000,80
736,2000,80
1006,3000,80
1218,4000,80
1397,5000,80
1541,6000,80
1710,7000,80
1871,8000,80
2022,9000,80
2083,10000,80
2091,10000,80
3163,20000,80
3866,30000,80
4592,40000,80
5006,50000,80
5456,60000,80
5967,70000,80
6219,80000,80
6616,90000,80
6923,100000,80
6857,100000,80
9177,200000,80
10675,300000,80
11912,400000,80
12898,500000,80
13659,600000,80
14359,700000,80
74,100,81
142,200,81
187,300,81
234,400,81
280,500,81
333,600,81
332,700,81
380,800,81
426,900,81
455,1000,81
462,1000,81
728,2000,81
968,3000,81
1181,4000,81
1409,5000,81
1538,6000,81
1711,7000,81
1819,8000,81
1991,9000,81
2176,10000,81
2145,10000,81
3189,20000,81
3929,30000,81
4511,40000,81
5036,50000,81
5499,60000,81
5875,70000,81
6268,80000,81
6634,90000,81
6914,100000,81
6809,100000,81
9028,200000,81
10629,300000,81
11899,400000,81
12806,500000,81
13626,600000,81
14333,700000,81
74,100,82
129,200,82
197,300,82
225,400,82
274,500,82
324,600,82
360,700,82
385,800,82
429,900,82
437,1000,82
484,1000,82
759,2000,82
968,3000,82
1209,4000,82
1418,5000,82
1507,6000,82
1679,7000,82
1861,8000,82
2003,9000,82
2170,10000,82
2132,10000,82
3161,20000,82
3897,30000,82
4486,40000,82
5021,50000,82
5430,60000,82
5814,70000,82
6196,80000,82
6544,90000,82
6831,100000,82
6856,100000,82
9186,200000,82
10733,300000,82
11882,400000,82
12808,500000,82
13638,600000,82
14373,700000,82
83,100,83
128,200,83
172,300,83
223,400,83
275,500,83
302,600,83
355,700,83
386,800,83
423,900,83
443,1000,83
436,1000,83
766,2000,83
1005,3000,83
1173,4000,83
1392,5000,83
1565,6000,83
1682,7000,83
1877,8000,83
2030,9000,83
2143,10000,83
2060,10000,83
3150,20000,83
3872,30000,83
4569,40000,83
5009,50000,83
5482,60000,83
5854,70000,83
6251,80000,83
6573,90000,83
6844,100000,83
6849,100000,83
9135,200000,83
10638,300000,83
11840,400000,83
12792,500000,83
13588,600000,83
14351,700000,83
75,100,84
126,200,84
186,300,84
224,400,84
274,500,84
306,600,84
322,700,84
395,800,84
436,900,84
455,1000,84
452,1000,84
762,2000,84
981,3000,84
1226,4000,84
1381,5000,84
1490,6000,84
1726,7000,84
1882,8000,84
2030,9000,84
2111,10000,84
2127,10000,84
3165,20000,84
3845,30000,84
4431,40000,84
5089,50000,84
5534,60000,84
5865,70000,84
6345,80000,84
6585,90000,84
6800,100000,84
6892,100000,84
9124,200000,84
10771,300000,84
11788,400000,84
12824,500000,84
13640,600000,84
14358,700000,84
78,100,85
128,200,85
188,300,85
228,400,85
282,500,85
313,600,85
341,700,85
400,800,85
414,900,85
452,1000,85
459,1000,85
763,2000,85
1012,3000,85
1205,4000,85
1355,5000,85
1529,6000,85
1683,7000,85
1926,8000,85
2010,9000,85
2075,10000,85
2153,10000,85
3134,20000,85
3850,30000,85
4446,40000,85
5096,50000,85
5546,60000,85
5849,70000,85
6204,80000,85
6631,90000,85
6849,100000,85
6892,100000,85
9135,200000,85
10631,300000,85
11914,400000,85
12813,500000,85
13612,600000,85
14362,700000,85
74,100,86
127,200,86
183,300,86
227,400,86
279,500,86
324,600,86
367,700,86
400,800,86
445,900,86
436,1000,86
482,1000,86
754,2000,86
1005,3000,86
1241,4000,86
1438,5000,86
1579,6000,86
1729,7000,86
1814,8000,86
2030,9000,86
2122,10000,86
2186,10000,86
3187,20000,86
3924,30000,86
4495,40000,86
5121,50000,86
5487,60000,86
5917,70000,86
6265,80000,86
6402,90000,86
6945,100000,86
6890,100000,86
9250,200000,86
10678,300000,86
11869,400000,86
12830,500000,86
13578,600000,86
14362,700000,86
78,100,87
126,200,87
189,300,87
231,400,87
278,500,87
327,600,87
340,700,87
390,800,87
418,900,87
453,1000,87
457,1000,87
730,2000,87
965,3000,87
1217,4000,87
1447,5000,87
1575,6000,87
1679,7000,87
1859,8000,87
2020,9000,87
2205,10000,87
2112,10000,87
3142,20000,87
3850,30000,87
4528,40000,87
5072,50000,87
5503,60000,87
5879,70000,87
6256,80000,87
6558,90000,87
6911,100000,87
6825,100000,87
9120,200000,87
10623,300000,87
11813,400000,87
12730,500000,87
13635,600000,87
14376,700000,87
74,100,88
131,200,88
167,300,88
230,400,88
280,500,88
328,600,88
346,700,88
382,800,88
413,900,88
442,1000,88
450,1000,88
732,2000,88
1009,3000,88
1209,4000,88
1403,5000,88
1554,6000,88
1735,7000,88
1895,8000,88
1995,9000,88
2126,10000,88
2162,10000,88
3188,20000,88
3873,30000,88
4520,40000,88
5062,50000,88
5539,60000,88
5841,70000,88
6171,80000,88
6517,90000,88
6901,100000,88
6813,100000,88
9236,200000,88
10630,300000,88
11906,400000,88
12821,500000,88
13616,600000,88
14372,700000,88
76,100,89
133,200,89
177,300,89
210,400,89
273,500,89
312,600,89
360,700,89
393,800,89
417,900,89
464,1000,89
441,1000,89
739,2000,89
990,3000,89
1196,4000,89
1382,5000,89
1614,6000,89
1762,7000,89
1889,8000,89
2021,9000,89
2094,10000,89
2117,10000,89
3111,20000,89
3853,30000,89
4482,40000,89
5042,50000,89
5493,60000,89
5888,70000,89
6231,80000,89
6686,90000,89
6919,100000,89
6947,100000,89
9197,200000,89
10676,300000,89
11861,400000,89
12803,500000,89
13626,600000,89
14364,700000,89
83,100,90
141,200,90
192,300,90
226,400,90
279,500,90
326,600,90
352,700,90
396,800,90
429,900,90
458,1000,90
456,1000,90
757,2000,90
974,3000,90
1190,4000,90
1361,5000,90
1533,6000,90
1752,7000,90
1812,8000,90
1951,9000,90
2137,10000,90
2144,10000,90
3169,20000,90
3862,30000,90
4485,40000,90
5046,50000,90
5461,60000,90
5814,70000,90
6243,80000,90
6566,90000,90
6878,100000,90
6908,100000,90
9182,200000,90
10643,300000,90
11843,400000,90
12767,500000,90
13687,600000,90
14333,700000,90
81,100,91
140,200,91
179,300,91
244,400,91
271,500,91
303,600,91
354,700,91
381,800,91
429,900,91
457,1000,91
459,1000,91
752,2000,91
985,3000,91
1184,4000,91
1344,5000,91
1542,6000,91
1687,7000,91
1852,8000,91
1996,9000,91
2164,10000,91
2118,10000,91
3113,20000,91
3843,30000,91
4509,40000,91
5014,50000,91
5448,60000,91
5923,70000,91
6345,80000,91
6645,90000,91
6926,100000,91
6864,100000,91
9104,200000,91
10624,300000,91
11862,400000,91
12876,500000,91
13656,600000,91
14352,700000,91
76,100,92
139,200,92
182,300,92
230,400,92
267,500,92
315,600,92
340,700,92
381,800,92
436,900,92
444,1000,92
456,1000,92
755,2000,92
995,3000,92
1245,4000,92
1406,5000,92
1547,6000,92
1693,7000,92
1871,8000,92
1994,9000,92
2118,10000,92
2187,10000,92
3129,20000,92
3895,30000,92
4502,40000,92
5044,50000,92
5471,60000,92
5899,70000,92
6314,80000,92
6562,90000,92
6916,100000,92
6861,100000,92
9159,200000,92
10653,300000,92
11836,400000,92
12822,500000,92
13632,600000,92
14355,700000,92
78,100,93
123,200,93
189,300,93
239,400,93
274,500,93
312,600,93
366,700,93
408,800,93
434,900,93
444,1000,93
456,1000,93
738,2000,93
982,3000,93
1190,4000,93
1390,5000,93
1584,6000,93
1696,7000,93
1872,8000,93
1988,9000,93
2114,10000,93
2144,10000,93
3120,20000,93
3941,30000,93
4517,40000,93
5002,50000,93
5461,60000,93
5863,70000,93
6253,80000,93
6638,90000,93
6907,100000,93
6913,100000,93
9118,200000,93
10739,300000,93
11773,400000,93
12841,500000,93
13631,600000,93
14360,700000,93
75,100,94
138,200,94
194,300,94
221,400,94
283,500,94
307,600,94
364,700,94
368,800,94
424,900,94
458,1000,94
455,1000,94
761,2000,94
972,3000,94
1226,4000,94
1415,5000,94
1558,6000,94
1757,7000,94
1853,8000,94
1971,9000,94
2090,10000,94
2179,10000,94
3171,20000,94
3871,30000,94
4494,40000,94
4994,50000,94
5553,60000,94
5856,70000,94
6195,80000,94
6520,90000,94
6922,100000,94
6965,100000,94
9210,200000,94
10744,300000,94
11884,400000,94
12869,500000,94
13673,600000,94
14372,700000,94
74,100,95
121,200,95
181,300,95
234,400,95
282,500,95
315,600,95
357,700,95
401,800,95
408,900,95
458,1000,95
436,1000,95
743,2000,95
978,3000,95
1218,4000,95
1355,5000,95
1552,6000,95
1710,7000,95
1881,8000,95
2028,9000,95
2141,10000,95
2107,10000,95
3196,20000,95
3892,30000,95
4509,40000,95
4996,50000,95
5462,60000,95
5905,70000,95
6210,80000,95
6592,90000,95
6897,100000,95
6847,100000,95
9240,200000,95
10725,300000,95
11864,400000,95
12864,500000,95
13683,600000,95
14361,700000,95
73,100,96
141,200,96
179,300,96
237,400,96
264,500,96
322,600,96
357,700,96
391,800,96
424,900,96
471,1000,96
463,1000,96
750,2000,96
1023,3000,96
1257,4000,96
1381,5000,96
1590,6000,96
1710,7000,96
1865,8000,96
2003,9000,96
2124,10000,96
2110,10000,96
3153,20000,96
3898,30000,96
4572,40000,96
4989,50000,96
5577,60000,96
5928,70000,96
6250,80000,96
6523,90000,96
6952,100000,96
6889,100000,96
9179,200000,96
10634,300000,96
11893,400000,96
12764,500000,96
13613,600000,96
14347,700000,96
82,100,97
125,200,97
175,300,97
223,400,97
263,500,97
307,600,97
356,700,97
406,800,97
423,900,97
453,1000,97
444,1000,97
707,2000,97
984,3000,97
1218,4000,97
1371,5000,97
1559,6000,97
1692,7000,97
1881,8000,97
1968,9000,97
2139,10000,97
2151,10000,97
3138,20000,97
3935,30000,97
4567,40000,97
5045,50000,97
5535,60000,97
5868,70000,97
6230,80000,97
6558,90000,97
6872,100000,97
6908,100000,97
9085,200000,97
10649,300000,97
11788,400000,97
12772,500000,97
13602,600000,97
14372,700000,97
77,100,98
131,200,98
192,300,98
244,400,98
273,500,98
304,600,98
357,700,98
402,800,98
428,900,98
454,1000,98
478,1000,98
741,2000,98
997,3000,98
1206,4000,98
1419,5000,98
1590,6000,98
1716,7000,98
1843,8000,98
1994,9000,98
2132,10000,98
2161,10000,98
3150,20000,98
3910,30000,98
4543,40000,98
5041,50000,98
5414,60000,98
5883,70000,98
6221,80000,98
6646,90000,98
6985,100000,98
6917,100000,98
9266,200000,98
10681,300000,98
11885,400000,98
12792,500000,98
13637,600000,98
14357,700000,98
81,100,99
125,200,99
201,300,99
243,400,99
271,500,99
310,600,99
356,700,99
389,800,99
425,900,99
442,1000,99
456,1000,99
742,2000,99
988,3000,99
1212,4000,99
1390,5000,99
1554,6000,99
1676,7000,99
1832,8000,99
1989,9000,99
2115,10000,99
2114,10000,99
3123,20000,99
3974,30000,99
4506,40000,99
4985,50000,99
5457,60000,99
5867,70000,99
6194,80000,99
6552,90000,99
6822,100000,99
6892,100000,99
9102,200000,99
10631,300000,99
11894,400000,99
12841,500000,99
13637,600000,99
14368,700000,99
76,100,100
124,200,100
183,300,100
229,400,100
276,500,100
314,600,100
368,700,100
382,800,100
443,900,100
458,1000,100
469,1000,100
763,2000,100
1001,3000,100
1238,4000,100
1342,5000,100
1590,6000,100
1709,7000,100
1899,8000,100
2016,9000,100
2142,10000,100
2125,10000,100
3171,20000,100
3827,30000,100
4542,40000,100
5079,50000,100
5406,60000,100
5819,70000,100
6248,80000,100
6491,90000,100
6907,100000,100
6901,100000,100
9083,200000,100
10685,300000,100
11829,400000,100
12840,500000,100
13659,600000,100
14362,700000,100
