AdrianaChechik,1.565192895527421,0.5120772946859904,0.7123499853733499
Android,8.115885250777936,0.7221507133435807,0.7910483712023544
ApexSquads,0.6931471805599453,0,1
apple,8.104671445809117,0.7161920717444445,0.7895361265030949
areolas,1.2973225173308878,0.6125,0.5634200105256403
Art,1.8236825282249216,0.9333467136731031,0.201064023315407
AskMen,8.906684388542553,0.694386635454066,0.7932753561744821
BarebackGayPorn,-0,0,NaN
BattlePaintings,3.4358205482199824,0.5500432152117547,0.8230718249353709
beauty,7.541991597203446,0.3868682201275533,0.9503155170308373
beneater,3.803718414510836,0.37816764132553615,0.9180774137711153
BlackPeopleTwitter,10.26080708777335,0.5187062837321719,0.9342905659214578
Boobies,3.4414093189536485,0.11802232854864414,0.9842419209613484
boottoobig,3.791171862511094,0.7579301092146125,0.5049349090091169
Celebsnudess,-0,0,NaN
Chennai,5.360639803943127,0.33157894736842053,0.9600865671769023
CrackWatch,7.046898618209593,0.5361526895556494,0.8947443803416948
dankmemes,1.3667115077433543,0.9500251402920981,0.13523572308800438
destiny2,10.174245450807197,0.7761781382487243,0.8619278787418088
DisneyTravel,5.309625809150381,0.4195347644437817,0.9314408152262714
earlsweatshirt,5.325053310469437,0.33260549636881365,0.9474508024775868
Electricity,4.360639054733287,0.5946165253644473,0.8162422733338943
environment,7.664727014090691,0.5896019949032052,0.8423634520514613
EpicSeven,7.59743195832434,0.7111060531454996,0.857093468804485
Eyebleach,8.201758516123057,0.21813766893296815,0.9810906770886408
fantasyfootball,8.237408295278279,0.7011714744162418,0.8166145301112173
fentanyl,3.723234715405417,0.609736963544071,0.792096642398749
FinancialCareers,7.283123103900227,0.5728981309459868,0.8916742171733216
FloridaMan,7.434202005648757,0.36219374381482794,0.9490147305697348
FortNiteBR,6.666378493227143,0.8496179854769252,0.6176374483220278
GetMotivated,9.748968017664522,0.28093174200239446,0.9754094698820921
gifs,9.194304574383542,0.5031221271165123,0.8311267507813909
GolfClashClans,3.270572372618933,0.3819993129508763,0.8807079313049323
greatdanes,5.456935274524129,0.4003681525837237,0.9390471305238228
grimdefender,2.6730852959056803,0.6757142857142862,0.7518491156631979
HistoryMemes,8.959438374497493,0.5221734639467286,0.9242603704826254
hugeboobs,3.5279667939379684,0.1437346437346445,0.9770276919295814
insanepeoplefacebook,9.885698213811287,0.49581963026594167,0.9369015333569647
JustCause,6.191665261600305,0.4911944334423879,0.9058519464344532
JusticeServed,11.137884387704739,0.6575127841097128,0.8962966246124906
Justrolledintotheshop,8.345712444830701,0.5577050997439983,0.8988397310385555
Kalilinux,4.626383146240785,0.2887592788971389,0.9389374775196255
kobo,5.286939418415865,0.36694485842026836,0.9412773507206423
lostgirl,2.5823063443139667,0.15873015873015817,0.9784957360855949
MakeupAddictionCanada,6.031579476868974,0.5483271108429335,0.8887330237532919
mculeaks,2.1458417525947544,0.14141414141414144,0.9766146686727132
Memes_Of_The_Dank,6.219149676836387,0.32509301908237376,0.9432894992033172
metaldetecting,5.461689856252089,0.5167568812622392,0.8917505620571646
mildlyinteresting,6.868414945674718,0.6329871092493704,0.6457997058539937
mkbhd,4.7418940357400405,0.36370944859547905,0.9001559822907592
Mondo,2.670347833683796,0.27886710239651347,0.9425156207476945
morbidquestions,7.4940983312509815,0.5740993466353075,0.8535102224648672
Morphs,2.2405897279421927,0.3857142857142857,0.8490113885736779
movies,10.507410328536622,0.6269244416835136,0.898470736357492
neoliberal,7.454863094762945,0.8050165291981557,0.8185780665831246
newsokur,4.323509672908191,0.8629778727854855,0.6533544484594128
nostalgia,7.905882478825967,0.3238396552089853,0.9390123046711017
numetal,3.9911210379240893,0.39795215969712316,0.9160862469105397
OverwatchUniversity,9.118855901790605,0.7829270312254266,0.8485506162221835
panamacity,4.415305314681785,0.3849241748438885,0.9255076917133913
Pee,3.9276897437280263,0.09338023664854589,0.9892697638481749
PraiseTheCameraMan,6.3071101320461675,0.20999817093508,0.9730826319350241
Preset_Market,1.3862943611198906,0.30000000000000004,0.8613531161467861
RedDeadOnline,6.975532689369053,0.6357191455359157,0.8789794534265639
regularshowmemes,1.0986122886681096,0,0.9999999999999998
saplings,7.108369946535896,0.47883762074764036,0.9203486049410265
SexclusiveSelling,3.450125956962738,0.7136734693877553,0.7786659014797024
Slut,1.7751250090009736,0.43999999999999995,0.770926996097583
Spicy_Memes,1.3862943611198906,0,1
spirituality,7.183306594969817,0.6546980305091665,0.865792856807031
spotify,7.019142336490669,0.4182521075584873,0.9189526262612739
streetphotography,4.669465692103827,0.5515332023253947,0.8308065213971201
StuffOnCats,3.721176253867357,0.04329004329004427,0.9955872599506036
suspiciouslyspecific,5.462470992724178,0.23945995487873972,0.9645963470670459
SweatyPalms,7.602408582019987,0.2823607034081306,0.9540792863549027
TechnoProduction,5.874709436772153,0.5981772277637276,0.8601591296242956
therewasanattempt,9.055208068476748,0.398298169600821,0.9500966434493391
Tierzoo,5.3532946400235675,0.6114111380464777,0.8176981990618948
Tinder,11.601600203020315,0.6790525267715566,0.9006975185950318
titsmcgee,-0,0,NaN
transadorable,4.512246539660482,0.2240607622406081,0.9777093627771203
transtimelines,6.6129897120130625,0.376160143467672,0.9459050770400582
trashy,10.143717218847577,0.4416534052179486,0.9484192623667655
TryNotToLaughOrGrin,-0,0,NaN
u_krystaltopaz,-0,0,NaN
u_magicallysarah21,-0,0,NaN
UnethicalLifeProTips,8.778342158472165,0.33646376346041507,0.9556275323744114
USPS,6.1878746138863825,0.7208588173150474,0.7655691897332747
vce,3.6884637761140646,0.4693571428571417,0.8417255492990784
WedgieGirls,2.9264175554979963,0.047368421052631504,0.9938795051295151
whatcarshouldIbuy,8.228807420474562,0.7754046063137139,0.811875669818539
Whatcouldgowrong,9.531992226758367,0.3790179512834584,0.9590913930579928
wifesharing,4.382049295253677,0.5292636229749661,0.7480538237108098
WTF,10.114174939861797,0.4049770152350902,0.9588836559249451
