AdrianaChechik,7.224551203465295,0.48537726105746515,0.9073315804777791,6.154753598435783,0.49333582461383685,0.9115087601027936
Android,10.097457525169775,0.8219564264363726,0.8308516609516963,8.352320438989002,0.5818094782016487,0.8509480449253818
ApexSquads,5.522613871352134,0.39438444237813997,0.9469693350069976,5.31076766376904,0.08653530377667096,0.9932038271645619
apple,10.046158873767435,0.8152208965639147,0.8315572984636941,9.831609840342699,0.4262731748731312,0.9326980341439728
areolas,7.257464579772909,0.5692231044208711,0.8895257101824482,5.329482033725721,0.6223792665769423,0.8480853363604175
Art,10.343321958823303,0.596463774512813,0.8237745252605128,10.492247649734718,0.49617876073534717,0.9285344082200243
AskMen,10.634545382833577,0.8045766087889206,0.8268082337686199,9.29207673365917,0.425164514305834,0.9375604047921042
BarebackGayPorn,5.729730543134152,0.46856612587683344,0.8742430216966524,4.133316365110608,0.6166704387468087,0.7823503649173006
BattlePaintings,6.018651922277029,0.5217997640634451,0.8975508280620765,4.141017040102086,0.6246003898635486,0.8053846764954006
beauty,8.138065738945562,0.6414429962585473,0.8468636191393824,7.374366606961857,0.7020459209852561,0.8023950546213614
beneater,4.362867467350415,0.6349399885692542,0.8392555465763272,3.7434037456003337,0.46062271062271165,0.8811128487446809
BlackPeopleTwitter,11.552606199489988,0.7594782765227137,0.8707574565799364,9.099021600106354,0.564406353772938,0.8895815133803253
Boobies,7.082558122520286,0.6292633184109491,0.7361110857124075,6.887431067234416,0.6499616879073074,0.817236748276839
boottoobig,9.720087298496079,0.618652722601837,0.8303937633475739,10.074926076763825,0.38829771507244004,0.9586895971458754
Celebsnudess,6.974694517713117,0.43455774487659937,0.9311350564613385,2.057965026559119,0.9050907585880683,0.4227941368481741
Chennai,6.685501917116939,0.6313997193544765,0.8910094433493746,6.483726249450425,0.42925272380688284,0.931396424845296
CrackWatch,8.861230382731728,0.7436670974389017,0.8482668522664089,5.255325341038273,0.6470441627371599,0.7139669938418506
dankmemes,10.795928757354726,0.805182481824886,0.7936551863092504,11.584639028713342,0.6267449409861001,0.9210508253489189
destiny2,10.191607566692225,0.7801887197383621,0.8608141002506989,10.314395470680939,0.4761465190222225,0.944943124178158
DisneyTravel,6.258305457586317,0.5742839442282559,0.8903439316228536,5.437975212675997,0.4012813935307378,0.896109729550044
earlsweatshirt,7.60447801942818,0.7192599593300883,0.8592684681588717,7.253802642853815,0.4875905152936184,0.9282130648969885
Electricity,5.728746417851625,0.6556024167125543,0.8191022759506514,5.462900308536394,0.44026171757820975,0.805881937690908
environment,9.74823930480968,0.659384907702588,0.8881057265335105,7.038515175808083,0.7275950603858519,0.7703841372025605
EpicSeven,8.583408808144434,0.8191606573896024,0.8346252106282439,8.45002629632402,0.5300759517022016,0.9296556913208377
Eyebleach,11.494472043707594,0.5203109086942277,0.9347916806659254,9.155325956283875,0.46299081243796536,0.912383429866198
fantasyfootball,10.134085370465346,0.8384240764844435,0.847450410350515,7.76065457458908,0.6199756400369552,0.8045454556719529
fentanyl,5.143832047900785,0.6722067390413855,0.819274427909464,4.779261749734026,0.3636502627806948,0.9253552371509756
FinancialCareers,8.12645209011619,0.7224140547732532,0.8522282301728625,8.407177335849362,0.3416831276410903,0.960867053154218
FloridaMan,9.93651522024903,0.5559363429920268,0.9176329010885184,7.65331400237079,0.44173924271433407,0.9047163221146015
FortNiteBR,6.144121075353809,0.8677633204583799,0.5683860074893772,11.744331759800334,0.5745699154067552,0.935108012289124
GetMotivated,11.967127906419725,0.4723328078398481,0.9524887864903612,8.602373372947783,0.4682230116441133,0.8664772712724729
gifs,12.827859716670591,0.6795638353214599,0.9138552262601894,9.491819618714327,0.5166975328265835,0.8794637147582632
GolfClashClans,5.810877669125398,0.5803588439939205,0.8907522295981916,6.086430511403821,0.36014813148131,0.9497391226352864
greatdanes,6.983034700340258,0.6631688538785738,0.8739087056773588,6.901943879585233,0.4824028520499155,0.9278822275979256
grimdefender,3.0033419514119783,0.8237397963477235,0.649375049899862,3.3508548353930117,0.6608914209115273,0.76468153088768
HistoryMemes,10.951671125373142,0.7296098165206786,0.8849288358994518,9.985136395915042,0.5599202076364236,0.9246751636519241
hugeboobs,8.576201535888723,0.6397956898790653,0.8766168467769035,7.043372280565298,0.6654381235122173,0.8373835992679267
IdleEmpire,5.650322768430656,0.7429259048428776,0.8164414052829779,0.1484557748367624,0.9269536943603544,0.05136217319837776
insanepeoplefacebook,9.897040289644547,0.4973631737375399,0.9366582480855629,10.166516664732821,0.3430921087565366,0.9560060867413335
JustCause,7.976958522892333,0.7076661990063258,0.8617453564214376,7.877642375185902,0.4067329637783814,0.9390548843382779
JusticeServed,11.186559498116415,0.6611777198486379,0.8966825052305715,8.501110650386002,0.3050250740552656,0.9559303037649981
Justrolledintotheshop,10.005869301366873,0.7773118864770368,0.8545024404261661,9.010067138679501,0.4646608541434034,0.9435870887418104
Kalilinux,7.100318381348647,0.47325446484165923,0.9366940573463906,5.529088133395218,0.43460111317253336,0.8790680708946823
kobo,6.502796685281649,0.5796202543572235,0.8973870238716471,6.399697780527337,0.19939426406472194,0.9781773340655773
lostgirl,4.453799175642813,0.4920539730134941,0.8949241422500901,3.4516339388637896,0.29676334594367404,0.9421525477837266
MakeupAddictionCanada,7.225082695227003,0.7427083722391217,0.8457643908696314,6.643413507672088,0.5008440697822607,0.8961397981298138
mculeaks,5.118941246242907,0.45921108440548153,0.8990484837453802,3.354624797008171,0.08585858585858652,0.9863070032615323
Memes_Of_The_Dank,10.058404690331315,0.6612429976084968,0.8947368384431525,9.615076029814762,0.6159872361313319,0.9170849734140144
metaldetecting,7.364767511222495,0.7068215206262494,0.8557411996004327,6.964008488585776,0.4953886200050306,0.9173601565235815
mildlyinteresting,12.800725709362586,0.6677070583682507,0.9137474295006411,12.102892795292771,0.2879359168873634,0.9791818857249774
mkbhd,7.934373181075419,0.5344083803008743,0.9114210647862524,6.627611115243612,0.3734491200303296,0.9206382022076451
Mondo,5.077154539668044,0.4583100095031085,0.9215459556396994,3.4465382684605896,0.42335390946502116,0.7842935820058415
morbidquestions,9.217033419087695,0.7122988700411952,0.8631474988867675,8.424869183956515,0.3866582638959244,0.9456906504621408
Morphs,5.591566317739578,0.6226775845528181,0.85316190645222445,4.749337337494936,0.7137776152664088,0.7743403092707986
movies,10.517593880184961,0.6281989560484362,0.8983040471026978,8.791663891867232,0.6964882538277379,0.7841896888272507
neoliberal,7.457130802245567,0.8057403803401257,0.8182412316014428,7.080002749090598,0.7092436157441284,0.8418945051075628
newsokur,5.56213666342271,0.9225125467550299,0.6884421947035608,3.796178955133416,0.9365977943468202,0.563187901793251
nostalgia,10.915448935812746,0.6404095679863531,0.9011756746384657,9.791156193225076,0.4698704046613784,0.9322895931739916
numetal,5.574597616853341,0.6995906389617943,0.79949984495576365,4.717173433709687,0.7159986418689073,0.7340203697457186
OverwatchUniversity,9.132142123458841,0.784019331037598,0.8483941040074102,8.869536204682651,0.4452067223137419,0.9423263314767721
panamacity,5.9233211555064855,0.5963602931234959,0.8899968813001653,5.522162047952457,0.29414700011740536,0.9473689428957947
Pee,7.268968672463865,0.624914625062388,0.8654940710850862,5.628841945574791,0.7028093377985272,0.7698910974359595
PraiseTheCameraMan,9.979176400378893,0.4217653158666508,0.9531008546185528,7.9036809810210675,0.22796243548248185,0.9756705467757056
Preset_Market,5.634514142017722,0.581623381288253,0.8799014375182662,5.311336021515485,0.2953488372093034,0.9564874262614423
RedDeadOnline,8.220552381634555,0.7971181052682823,0.8381739728197093,8.103672078712385,0.5395312831112733,0.9220830085778451
regularshowmemes,5.718109594046928,0.48519528014757896,0.8811726019691437,3.5865548009688437,0.6373123262279883,0.7368319294860165
saplings,8.412801776709836,0.6961598652956127,0.8738988525784268,7.986200796079925,0.3826956288744441,0.949325602520079
SexclusiveSelling,3.7066494420153933,0.8590309337051281,0.6612166106079698,3.7544798048221892,0.7004291469609392,0.7987438543824767
Slut,7.518851580295606,0.5498894820766509,0.9052606506453418,5.538230734319425,0.5483608031839537,0.8722805945559957
Spicy_Memes,6.049733230629474,0.2801086782337734,0.9667712683147617,4.238337217685061,0.6340401470172452,0.7825440636144789
spirituality,7.82497022779866,0.7396419190072265,0.8428481069170206,7.481256763565487,0.5027541490877638,0.9034005709738979
spotify,8.119064247434725,0.6713831473653045,0.7763002542647104,8.784374063138419,0.5090947308913201,0.872128095173501
streetphotography,6.96086538959227,0.6608972129754989,0.8379801162636263,7.116797338378686,0.5572417793522391,0.90099929542918
StuffOnCats,8.461512459579039,0.4432227855331803,0.9352475326188988,7.810110791657595,0.20771774152740363,0.9816474056456338
suspiciouslyspecific,9.312781876409126,0.3605159015405661,0.9631116650418755,7.1829576340039685,0.1706413822780064,0.9842677043059543
SweatyPalms,11.132043710993118,0.49072854528640164,0.9455302752332864,8.632046966673261,0.28385310854491763,0.9637074171595811
TechnoProduction,6.889761615686879,0.7215647161736456,0.8425250117640818,6.079395323157378,0.5001051911518459,0.8799552911270001
teik_ihevoorik_ihe,4.892707098659672,0.24370230102714174,0.967656100398511,3.4431960013792233,0.293333333333333,0.9333988936773957
therewasanattempt,11.608142565579174,0.5879873542871792,0.9243704008209125,9.710966589344068,0.3273841427935622,0.9370978734513814
Tierzoo,7.212290170800655,0.7157911261219851,0.8220212434835603,6.776874652224082,0.49575460111270786,0.8952363828114882
Tinder,11.642426206169501,0.6860650436137803,0.8991397837074804,10.831789625793142,0.34030969353261753,0.9663973157884168
titsmcgee,4.64806638834986,0.3714682953473343,0.9313954867688395,3.0839717464298215,0.28937728937728924,0.9465562823078901
transadorable,7.726251702547149,0.6627786873203831,0.8868412954083558,6.849840345493049,0.5140990053990322,0.9198633003291437
transtimelines,8.75401705610194,0.697885911089088,0.8803906088704017,7.825094141112077,0.45683477372745074,0.9412671055473897
trashy,10.158521388940121,0.44321631757156865,0.9482173333120735,10.792334044823669,0.26427401709406695,0.9742176909546396
TryNotToLaughOrGrin,4.685692018611179,0.21507638367142334,0.977042673999462,5.025558802484494,0.5870223240397721,0.8506242811889242
u_krystaltopaz,4.057999662550039,0.5604692155302864,0.8066891443571929,-0,0,NaN
u_magicallysarah21,3.328342362980383,0.7120223772598653,0.6795531293232052,-0,0,NaN
UnethicalLifeProTips,10.94843934770854,0.6022630023071542,0.9097655376535916,9.249642940945357,0.18296744180406677,0.981465071010722
USPS,7.570726625331808,0.8284512801249093,0.7763467120228336,8.850411274224186,0.3856292266541459,0.9499532974067045
vce,6.097048999232946,0.5766414075344244,0.8910318873093365,5.7222417904012515,0.3096294978772107,0.9526981911234603
Violetdarkstorm,2.8435994233286235,0.887061417916005,0.5059424570004913,0.015188526052661895,0.4978768577494692,0.02191241121458814
WedgieGirls,5.988218526515123,0.5178389138604729,0.9062073183818452,4.745998344963769,0.5539759036144574,0.8184036068665429
whatcarshouldIbuy,8.242296444556617,0.7765314221160224,0.811939899657272,9.609294079868844,0.23271654329892044,0.9811289881897717
Whatcouldgowrong,11.868127927892093,0.6480131354255718,0.9143421961413235,9.145673883690897,0.38112987834483647,0.9437973265082894
wifesharing,9.141669092503916,0.777290160263874,0.834094481412744,8.403197822066014,0.6278127571652021,0.9032595402471151
WTF,12.127424396945935,0.7022834973759018,0.9058519548588204,10.536013186335712,0.2820590278843156,0.9614103405146335
