AdrianaChechik,9,3.1174469363167416,119.30434782608695,24.663986964082408,2744,7,18.228349548786014,1.7276591709463325,23,6541,2007,3.25909317389138
Android,28987,11.787640226627945,161.5669911112342,84.59719818088487,23338675,8.338029241547366,59.7954719788264,10.166834713240188,144452,2400601,48747,49.246127966849244
ApexSquads,2,0.6744585649071617,137.5,37.476659402887016,275,1,1.4142135623730951,-0,2,738,232,3.1810344827586206
apple,29137,11.771021199541968,160.12607966457023,85.81908644809789,22914042,7.726352201257861,51.326686224225334,10.28282293594344,143100,2247775,72358,31.064636944083585
areolas,10,3.433939138316105,128.71875,36.33112446427594,4119,2.15625,2.0495377134148267,3.1874016423664306,32,10411,1952,5.333504098360656
Art,8842,11.847779021789536,136.15688475074126,41.988611476441356,19653974,2.1242968381965808,32.608770940305426,9.857069403924713,144348,877984,187132,4.691789752687942
AskMen,76093,12.558810721282844,174.54545708105294,107.15218830015462,56321979,17.353150819082803,196.7890498262786,9.731665374791447,322678,3636392,38162,95.28829725905351
BarebackGayPorn,1,-0,138,NA,138,3,NA,-0,1,1532,628,2.4394904458598727
BattlePaintings,66,4.959426225695966,228.62777777777777,190.3732009728928,41153,6.7555555555555555,7.2239686567233194,4.849631747113018,180,2210,600,3.683333333333333
beauty,2839,8.465463853882905,168.5234227427276,93.54893827998212,892163,4.479788439743105,9.519986407468506,7.8601793834459315,5294,69280,39702,1.7450002518764798
beneater,64,4.638671910157236,174.03478260869565,95.43399762330303,20014,2.234782608695652,1.6560915453900589,4.534600783868558,115,870,156,5.576923076923077
BlackPeopleTwitter,59685,11.855578257182524,168.6004267551413,97.15774557292042,26628077,24.843955779556275,252.87593727173842,9.472936106728326,157936,4439181,74263,59.7764835786327
Boobies,36,3.621112884898186,165.3658536585366,79.29368073735793,6780,10.390243902439025,30.697620468678423,2.765752833288422,41,47878,15348,3.1194943966640603
boottoobig,1871,8.899283309132263,140.37621471540953,116.53166775769814,1213412,8.094632114761685,75.22133378231864,6.4049377972064665,8644,412632,67526,6.11071291058259
Celebsnudess,1,0.6931471805599453,109,0,218,2,0,0.6931471805599453,2,3687,2602,1.4169869331283629
Chennai,269,6.056608002869685,169.48232848232848,101.3984313220223,81521,4.482328482328482,5.8726235959925015,5.7771640481263224,481,10560,2168,4.870848708487085
CrackWatch,2670,8.744215649340356,168.7116711248768,102.04021789990429,1198359,6.929325637054766,23.896415089030942,7.919586119931057,7103,259816,4701,55.268240799829826
dankmemes,24830,13.196972367527769,215.92341145982476,74.47487757386556,120647638,2.2507212502147644,36.31281208350725,11.401592786048008,558752,12056227,1109560,10.865772918994917
destiny2,133832,13.636762781330372,26.953091975899305,37.8304176642783,38448990,3.739888469451775,15.717274222742127,13.44891551469639,1426515,1540864,125797,12.2488135647114
DisneyTravel,303,6.301024596874206,197.92902208201892,124.43623138328607,125487,2.468454258675079,2.105386563843439,6.174695112920921,634,4272,758,5.635883905013193
earlsweatshirt,280,6.0478094019469895,156.21521739130435,72.18934938369132,71859,8.56304347826087,19.952403699179,5.256892429279258,460,54272,6001,9.043826028995168
Electricity,213,6.417305644487736,171.24137931034483,110.00458753204234,119184,1.9755747126436782,1.822554445058187,6.289505138431929,696,5547,1608,3.449626865671642
environment,9056,10.048010916259708,188.57118236329038,144.59068851065192,5251896,6.1883594843991245,50.56960926475623,8.761013270900275,27851,255115,40285,6.332754126846221
EpicSeven,7162,10.676602077057005,163.51944611181256,92.346420839606,7900115,2.4984786703371764,6.7776134144274565,10.59830064189511,48313,859822,26263,32.738910253969465
Eyebleach,4362,8.561869090588818,162.9013067400275,91.69375301638726,947434,40.58717331499312,270.54639970686594,6.351263579591726,5816,573604,46220,12.410298572046733
fantasyfootball,24448,11.700632939838579,151.85492912567972,75.11314408946998,19883277,4.506102217877436,42.06537808378788,10.37206317287655,130936,5627323,48130,116.91923955952629
fentanyl,113,5.806140141112602,219.19900497512438,161.12755808386657,88118,1.654228855721393,1.2523671461242727,5.803488090540222,402,2991,299,10.003344481605351
FinancialCareers,3559,9.230232006398296,169.87927388086007,91.55680192044018,1927790,4.667694747973211,9.760017561202298,8.638687874521892,11348,108868,10428,10.439969313387035
FloridaMan,2564,8.272312420678105,171.8834907782276,106.9373834089553,764194,16.56365272154746,98.1116412442708,6.680630243802536,4446,147911,8987,16.458328697006788
FortNiteBR,49502,13.093609761179067,155.43579143361293,81.10687673639947,82980019,2.9675922630531946,37.640006545286006,11.335256594135975,533854,533854,924435,0.5774921979371184
GetMotivated,22242,10.271192048092317,179.6613562710119,112.71542879764785,5931879,16.121997758730355,147.5996918253124,7.745775726852642,33017,657904,40491,16.248153910745597
gifs,64804,11.803300414532396,156.18713965725192,95.38064750046259,23568327,30.044036368937963,397.2264175566569,8.31107288553668,150898,6637670,111321,59.62639573845007
GolfClashClans,41,4.244094716877136,137.06849315068493,46.45258298257939,10006,1.1369863013698631,0.45077305490896796,4.222506460087588,73,2790,1069,2.6099158091674464
greatdanes,342,6.420777057241146,177.87625899280576,102.8074734488486,123624,2.99568345323741,3.4388413391085004,6.185257714550545,695,17629,4290,4.109324009324009
grimdefender,35,5.642434479963222,194.6749226006192,118.57435839400478,62880,1.3436532507739938,0.6660686765462295,5.67263642146702,323,2097,373,5.621983914209116
HistoryMemes,16425,10.502109981505718,195.1235215916384,146.59379768982558,8512849,10.973296965251672,70.99647594333813,9.213867965548536,43628,1638542,147064,11.141693412391884
hugeboobs,37,3.746025125371717,137.9318181818182,42.03342951291669,6069,6.386363636363637,16.8746623175046,2.602830609383444,44,70256,16257,4.321584548194624
IdleEmpire,0,0,NaN,NA,0,NaN,NA,0,0,8357,991,8.43289606458123
insanepeoplefacebook,38806,11.335295145696227,173.5753661449494,109.57886605610787,16568463,17.05890795566451,146.2973175900739,9.503777995576364,95454,95454,67803,1.4078138135480731
JustCause,944,7.578676554162443,171.4361036639857,111.35558505179685,383674,4.228328865058088,9.95906516533289,6.991791309326565,2238,69295,8173,8.478526856723358
JusticeServed,249404,13.372465281642818,30.884176828107975,44.38101650838714,34894271,17.44670100182056,166.16733642622603,11.65900507077083,1129843,1209647,10904,110.93607850330154
Justrolledintotheshop,10977,10.264952742456888,157.27550017438728,85.26702213458876,4960312,13.719807222803516,73.309229306697,8.657865267813609,31539,1127975,31197,36.15652146039683
Kalilinux,139,5.13584090135107,184.16990291262135,151.07434857401736,37939,2.2233009708737863,2.5276308731549157,4.955185900805286,206,5185,1000,5.185
kobo,282,6.122900359431026,165.4688128772636,75.88894908977724,82238,2.090543259557344,1.7209135522373085,5.985477711447319,497,5598,893,6.268756998880179
lostgirl,14,2.837869122184401,150.44444444444446,54.34229446131495,2708,2.388888888888889,1.6138696240399015,2.693449908209911,18,368,61,6.032786885245901
MakeupAddictionCanada,898,7.752081771180458,160.29182879377433,85.07360202291905,411950,4.864980544747081,9.485933291986528,7.2211259020143315,2570,53496,4133,12.943624485845632
mculeaks,9,2.2964662589856024,170.72727272727272,89.62933772944092,1878,2.8181818181818183,5.510320894796996,1.6104037804672082,11,643,33,19.484848484848484
Memes_Of_The_Dank,742,6.67967742123343,225.80447889750215,295.43329169542005,262159,4.803617571059432,21.54372508063946,5.748541400270112,1161,374137,146982,2.5454613490087223
metaldetecting,466,6.934962814091006,165.68867924528303,105.20796486830503,193193,2.7144082332761577,3.309227305227923,6.667882310764904,1166,38509,4695,8.20212992545261
mildlyinteresting,42369,11.651638753231575,149.5274504213394,81.71159795758408,18879934,16.676146803522776,261.5772461081911,8.143624438229567,126264,6133842,352541,17.398946505512836
mkbhd,195,5.655623566354967,175.73636363636365,116.00424559409544,57993,4.657575757575757,9.022819106127692,5.037138199562207,330,17147,2261,7.583812472357364
Mondo,18,3.287640284308623,151.53571428571428,50.07067756005256,4243,1.5357142857142858,1.0357370915204895,3.187446968701875,28,622,144,4.319444444444445
morbidquestions,6587,9.664465222414703,193.50553685810445,130.90865018722312,3564759,14.492834654217782,65.32970443395111,8.107441352112845,18422,279126,13275,21.0264406779661
Morphs,14,3.012706594846182,244.24,167.0422301894544,6106,3.88,3.897862662194928,2.8583909597980517,25,2741,2195,1.24874715261959
movies,121574,12.858224871862236,176.65561850099607,117.97247252473775,78301013,16.346928646041324,178.70899334344057,10.617071126086202,443241,443241,276678,1.6020102790970008
neoliberal,9078,11.583386082578578,195.15002375518915,147.31145633636964,25055897,6.812513143239896,21.66988116935463,11.39240851414904,128393,128393,25165,5.102046493145242
newsokur,753,9.671887423740522,158.75698117499857,93.18495123733177,2791424,5.1608940453847465,5.6816535490866436,9.380379624236902,17583,431269,69388,6.21532541649853
nostalgia,4645,8.772022101912267,157.89579855314412,89.93001078155284,1134955,14.308987200890373,104.69693934414758,6.666818937409343,7188,719808,78090,9.217671917018825
numetal,81,4.964352593103183,156.05844155844156,64.67619062805642,24033,2.155844155844156,2.0134510747608987,4.793262479126781,154,6252,2726,2.293470286133529
OverwatchUniversity,46476,12.71487291889401,67.18746831108801,100.00719214787655,40814237,4.700851732107696,18.726624585511896,12.399337236877495,607468,627426,25808,24.311298822070675
panamacity,118,5.284166378177058,190.16521739130434,122.38631159258121,43738,3.9521739130434783,5.1325121376363665,4.968100392195128,230,3522,501,7.029940119760479
Pee,53,3.851946458087828,206.5084745762712,172.85766248178714,12184,7.016949152542373,9.117038851974058,3.51379100468865,59,15843,6005,2.6383014154870943
PraiseTheCameraMan,666,6.672345113010798,158.96465222348917,89.10756098618934,139412,15.095781071835804,49.10225973826531,5.490084737067066,877,71289,4433,16.08143469433792
Preset_Market,6,2.136974071699326,173.44444444444446,64.99444420700725,1561,1.3333333333333333,0.7071067811865476,2.0947290475276485,9,2489,395,6.30126582278481
RedDeadOnline,2829,9.34740783846128,159.17921090160038,83.99785437292583,2009160,3.496197116146411,7.104510985139964,9.15863316392545,12622,344128,19309,17.82215547154177
regularshowmemes,3,1.0488593397747379,255.33333333333334,98.89556781440376,766,17.666666666666668,21.221058723196006,0.6323014764324145,3,1501,415,3.616867469879518
saplings,2295,8.459144771212937,165.14830346930995,91.5916233924928,866368,4.880289744567289,9.759342735604623,7.847973969991329,5246,106201,8085,13.135559678416822
SexclusiveSelling,84,8.13495975105609,429.4243961352657,281.43334563407495,1777817,1.0516908212560387,0.39351414955841635,8.29252529713915,4140,5527,2076,2.66233140655106
Slut,11,2.8829669680545535,177.33333333333334,124.49832662864723,3724,1.380952380952381,0.5895922723535711,2.9668267598925544,21,11412,1555,7.338906752411575
Spicy_Memes,4,1.2098528770939916,183.5,135.91296234477906,734,1,0,1.3862943611198906,4,789,786,1.0038167938931297
spirituality,4045,9.624040632278161,210.58620689655172,148.59513526807862,3780233,2.429558241880675,3.2328456758976865,9.40982399111965,17951,94459,9143,10.33129169856721
spotify,2110,8.162848405421261,165.0115548857071,100.61946257241,656911,4.449635769907059,18.223798234821523,7.189648566823595,3981,144466,51636,2.7977767449066544
streetphotography,282,6.493978034652737,164.15950069348128,76.48152152844439,118359,2.2233009708737863,2.4975122465747237,6.401400231433741,721,18886,8168,2.312193927522037
StuffOnCats,42,3.6081532436720276,156.4090909090909,126.24879795546904,6882,15.363636363636363,39.602144004146524,2.5590825902797354,44,17916,3740,4.790374331550802
suspiciouslyspecific,293,5.82521782210957,185.27114427860695,135.74225103626762,74479,18.034825870646767,75.76817761597815,4.180965753092445,402,27694,1822,15.199780461031834
SweatyPalms,2941,8.263289743032658,162.89432213209733,90.50928870756132,702889,28.28180764774044,176.91625286827755,6.2116246735176555,4315,314613,11358,27.699683042789225
TechnoProduction,940,7.995820045819334,173.62800480769232,98.0961501020748,577834,2.9408052884615383,3.6671450343125476,7.730058300713801,3328,32394,2379,13.616645649432535
teik_ihevoorik_ihe,0,0,NaN,NA,0,NaN,NA,0,0,222,60,3.7
therewasanattempt,14004,10.055100318817233,173.67128092939046,108.93128523694271,4604373,17.5663095956548,179.27231307591856,7.447614245867281,26512,951044,49448,19.233214690179583
Tierzoo,707,7.560797104321985,185.46129612961298,117.9360707391508,412095,6.63951395139514,14.903626328734259,6.8174426511223825,2222,38773,4430,8.752370203160272
Tinder,392689,13.824998917486935,20.38401137533829,36.20921371450324,40024944,23.99962007510901,223.04209827317464,11.83868584305258,1963546,2182604,121460,17.969734892145564
titsmcgee,1,-0,106,NA,106,3,NA,-0,1,274,42,6.523809523809524
transadorable,104,4.848399338694216,167.48026315789474,132.09980024122424,25457,3.098684210526316,3.6005148057609775,4.601945742085979,152,34962,4804,7.277685262281432
transtimelines,1103,7.478922995018952,170.27001491795127,105.2298086466507,342413,6.280954748881154,14.259504303046375,6.737062318755465,2011,139342,9283,15.010449208230098
trashy,44949,11.353264520932099,163.74509556152267,92.68264818957971,15550053,22.845953772442478,224.89297262725415,8.993783014894468,94965,94965,91975,1.0325088339222614
TryNotToLaughOrGrin,1,-0,134,NA,134,1,NA,-0,1,165,1115,0.14798206278026907
u_krystaltopaz,1,-0,141,NA,141,2,NA,-0,1,419,41,10.21951219512195
u_magicallysarah21,1,-0,173,NA,173,1,NA,-0,1,691,45,15.355555555555556
UnethicalLifeProTips,9950,9.577643058270127,164.23114895717634,97.35922855022145,2661530,29.68554856226089,218.83918451629654,7.194602401073224,16206,606969,15443,39.30382697662371
USPS,3295,9.595951388063234,157.40747860597793,81.32592193634,2538353,2.5894828227706808,3.8453223474459124,9.446970589295091,16126,225136,19533,11.525930476629293
vce,81,4.960140712876192,200.76704545454547,168.63308349979653,35335,3.460227272727273,3.486891035135611,4.836367381470398,176,3508,637,5.5070643642072215
Violetdarkstorm,0,0,NaN,NA,0,NaN,NA,0,0,6618,471,14.050955414012739
WedgieGirls,19,2.4917550557054566,253.2,356.8426750500031,5064,4.95,5.266327992663938,2.5774218677121894,20,1905,830,2.2951807228915664
whatcarshouldIbuy,25232,11.99515155224714,47.81662566944825,56.63208978933394,12285430,2.2986517623614406,3.899400253945739,12.164096462402282,256928,266235,24348,10.934573681616559
Whatcouldgowrong,21102,10.438229478380972,166.28974739970283,98.76690632297,6379041,22.04134407340789,218.06976612907786,7.865585094894337,38361,1887917,27943,67.56314640518198
wifesharing,352,6.534547117333838,164.5095541401274,107.36841839337978,129140,30.667515923566878,771.322621875839,0.8627830441317053,785,498185,49267,10.11194105587919
WTF,38771,11.11530603612797,166.57078696343402,98.71155539218356,12572763,37.08930842607313,406.2838405053652,8.216662409672146,75480,4138564,83195,49.74534527315343
