AdrianaChechik,30594313.782608695,27388252.623062145,2.5701951021652487,2525865.7982996097,0.24934793049055098,1591347.361111111
Android,34523045.640164204,22523936.9339561,11.578390025345273,8414423.530441128,8.696725340062125,6137442.8926236415
ApexSquads,NA,NA,NA,NA,NA,NA
apple,33909394.61255766,22332284.87960374,11.564538341730316,8378307.803943098,8.694926443403912,6027876.561117812
areolas,1067071.3125,2714364.1727489205,2.129607098808667,8028395.60761163,0.015426389207694829,5701585.023809524
Art,49815281.36980769,16390298.790794048,11.787406444901862,7085626.638509731,6.235088186124526,3393298.1365181035
AskMen,28045774.75810561,23017422.26616747,12.254361562068466,7089467.276160313,9.497054501932196,4778103.1054836735
BarebackGayPorn,NA,NA,NA,NA,NA,NA
BattlePaintings,18624294.777777776,20546287.373748057,4.521461495448864,6440856.885520802,2.094858127937875,4096391.008404203
beauty,8381088.041367586,13600249.90050227,7.518137298965911,6539784.079667077,5.915751807585469,3843071.7269732133
beneater,7037813.104347826,12437630.558738522,3.65741318923904,3493614.4613763564,2.292783710013215,2901035.7416666667
BlackPeopleTwitter,17093821.75120302,18883310.182246443,11.288148634936242,7546747.043104596,9.207022540174629,4946852.314788559
Boobies,40850.365853658535,124109.01470617598,1.615048551208487,99101.587887863,0.9945917861283683,91122.375
boottoobig,15401450.088037945,12788899.47122173,8.642977347094366,5930902.681617265,3.9284264640727153,2020186.5096941786
Celebsnudess,3101125,0,0.6931471805599453,NA,-0,3101125
Chennai,8712540.708939709,12662518.371440884,5.206703732857291,7075648.40460819,3.8997558499330673,5210808.7425142545
CrackWatch,19574159.582289174,19892109.24297954,8.255349489584221,9323608.75461442,6.049816690218581,6216493.139978191
dankmemes,52237487.37813018,15886533.548660235,13.152921528117673,6741934.580265922,7.748460122723793,3477421.7081085723
destiny2,22532274.750364345,17968525.84544848,13.808540687354904,4739825.751504259,10.119799718611212,2127931.445189299
DisneyTravel,12470297.626182966,16979262.877544396,5.568870121353914,8208572.6270842645,3.909878190504843,5487812.679890926
earlsweatshirt,7178410.473913044,14659267.158215076,4.738786573557761,10415027.01922998,3.1363582141346336,5015264.787939653
Electricity,28061077.833333332,22787320.73096054,6.103785911226528,7960222.139984167,3.75380203205078,6081786.198149477
environment,19825627.73972209,22384055.86822154,9.5221175660965809,6455321.615111084,6.985034532646413,3246974.5795831704
EpicSeven,10138343.454598142,6473436.352512057,10.529266159916137,2058544.8368449812,7.681308900394379,1544714.9373444703
Eyebleach,2949039.00997249,8093953.148312342,6.7063714062782385,7794619.386812493,5.4151763179106425,3970873.9848042526
fantasyfootball,29410701.68703794,21164355.38114198,11.4401564538983,7867410.494573589,8.593445531361077,5198912.790716325
fentanyl,20514531.298507463,19437289.673735984,5.444734725374942,9500198.110709347,2.865684278388092,4664400.946975494
FinancialCareers,16189425.939196333,16374207.55143406,8.763823870002,6240021.56334378,6.549837776444806,4133767.975534808
FloridaMan,7795778.645524067,15202550.498914663,6.987037775834431,7137413.533634325,5.248544757675251,3500122.5669110506
FortNiteBR,22498599.71995525,15558257.051249335,12.91734607900791,4807471.124752472,9.227772755010607,3215136.1225091154
GetMotivated,5204416.262531423,11649263.317046791,8.781126276956414,8147731.830360711,7.334816667788831,4334163.370430804
gifs,20272575.36247001,23306578.952139847,11.167154660752754,8811992.56690824,9.095185386718828,6031450.800989126
GolfClashClans,3624818.8767123288,4549417.186170767,3.4533095469555617,2319609.173663378,1.555410092241397,1880146.1613095237
greatdanes,13212618.166906474,17316560.931288924,5.711953840764525,8579764.62850003,4.188329699114047,6064988.847156969
grimdefender,19704441.049535602,14752623.444709029,5.4835932634037725,6605204.1219239,1.7123207318727718,2324482.0220871647
HistoryMemes,9879303.333295131,12930780.87966584,9.861844140250811,4817257.861773755,7.709854892047289,2624498.1901887767
hugeboobs,3427637.2954545454,6975736.380280988,2.1803162773040037,4452845.962351239,1.0819661911308178,6284171.875
IdleEmpire,NA,NA,NA,NA,NA,NA
insanepeoplefacebook,13547925.220870785,16757920.874522826,10.670813247824501,7269753.568446567,8.60328236838179,4279573.259705927
JustCause,7138796.185433423,11031213.97125028,6.731738289356426,4594307.844664753,4.660776868080803,2169014.196617516
JusticeServed,24251383.127782363,20573630.513558522,13.492042080313182,7240103.889616848,10.84427854202044,4651088.810554887
Justrolledintotheshop,23957667.85021719,21155812.740197588,9.861192118217497,8904272.413219599,7.7072164466014454,7093059.487063944
Kalilinux,8092953.77184466,15891381.730750851,3.896994582077343,8476658.179096071,2.3752944783668557,4674245.469444444
kobo,8528537.575452717,12699868.624066623,5.186312419888783,8625906.436688114,3.5035012029752535,5194539.332220286
lostgirl,3441242.4444444445,9901497.379223788,0.7549471368032663,15276483.511324685,0.061799956243320894,7742795.5
MakeupAddictionCanada,23053341.128793776,20320392.452043187,7.37060313480936,6208809.190394544,5.357593469369882,5886689.681029609
mculeaks,9112716.909090908,20274259.101334266,0.6932761634212178,35439419.00535793,1.289828612725191e-4,25059971.5
Memes_Of_The_Dank,3604960.4521963825,9253652.757349517,5.226190309352502,1660696.4862405437,3.8436012220969165,939890.089454002
metaldetecting,18613681.781303603,19890951.90829134,6.404982339813573,6948163.34831675,4.258409158147629,4987590.953743068
mildlyinteresting,23969503.677738704,25159357.522522107,11.089996889925297,9101190.233577162,8.434743673508578,6007358.1855984945
mkbhd,9724027.648484848,15841625.631672103,4.6013063090434905,5027115.099635046,2.8444271011302824,2996389.459201389
Mondo,6172497.285714285,11074335.343460351,2.025146325495872,2994565.5429910193,0.961388658694402,2139640.5
morbidquestions,18227420.95695364,20146058.153510783,9.146647957202251,7146027.7780210795,6.799207272836909,4320225.465173985
Morphs,8369262.36,10940792.475196952,2.3897376806967645,20530870.29942207,0.2840892067873201,13154452.958333334
movies,27379260.787253436,21999702.851217616,12.573092033226915,8680444.584008213,10.09733910077039,6281965.268557232
neoliberal,34841442.93044792,19800257.373599626,11.550140405244992,5273233.657620424,7.602937212885976,2796269.9091765415
newsokur,36089182.2536541,19560360.010629877,9.60135876564024,6576321.702147596,5.341894578945198,4140705.0470687286
nostalgia,10450392.572760155,17844466.714084364,7.634755616899033,8909156.760220397,5.922977916045478,6102940.000291177
numetal,13743837.792207792,15718344.079640638,4.284771217015187,6428490.295380155,2.745824009770886,6393693.530502165
OverwatchUniversity,31193635.66240691,19225893.112280942,13.078201323993618,5262213.192866967,9.380887325225505,2916482.2432104093
panamacity,9491056.634782609,11609236.734018298,4.625433554339824,7263384.70407235,3.0521128223372322,4905663.476444735
Pee,1191550.779661017,5047663.246357365,1.2119686414043371,5009407.974795854,0.27149033361506136,2469814.4
PraiseTheCameraMan,2224163.298745724,7157648.260665841,4.481586317025342,3752674.6983893006,2.9794737684282797,1433467.1197702175
Preset_Market,1108135.5555555555,1314087.1169143536,1.3862943611198906,NA,-0,831101.6666666666
RedDeadOnline,6920018.722151798,6006434.700485678,9.003457713572628,2115313.714061934,6.462907514431417,1283879.74166177
regularshowmemes,NA,NA,NA,NA,NA,NA
saplings,13039411.320243996,15786220.46698938,7.815788656913836,7413107.872638921,5.8835837533830375,5045933.448155845
SexclusiveSelling,39281020.62125604,16463754.688843302,8.220379830114474,2755370.7723873244,3.505954350800912,1483800.973009061
Slut,546660.8571428572,537875.0604883336,2.4203948518129237,116527.81914047735,0.6088554451580628,203596.38888888888
Spicy_Memes,NA,NA,NA,NA,NA,NA
spirituality,18265690.58553841,18937027.15994981,9.220367217196019,4965247.970961404,6.557550871193286,2644572.305281336
spotify,13532784.672192916,19775508.77570924,7.261300195933009,7741942.803125527,5.2758478341229456,4668419.3166249115
streetphotography,17681583.596393898,21119344.191286508,5.835975880413892,9563625.383903451,3.299701662153087,5000743.16475566
StuffOnCats,22578.772727272728,91127.5072565049,1.085625401273609,257652.03339484826,0.3924782207136638,248366.5
suspiciouslyspecific,1173333.7860696518,4171589.577639914,3.624505164129253,1617819.5587292898,2.398624332965939,683782.5438961039
SweatyPalms,4973916.734646582,11131947.957322305,6.692175686595554,7085712.3381886,4.9610226121505905,3270358.0059768227
TechnoProduction,21959857.09825721,18901759.635506712,7.653420224911338,6591395.949761698,5.309934941079385,4573695.425173006
teik_ihevoorik_ihe,NA,NA,NA,NA,NA,NA
therewasanattempt,7030196.6902157515,13477322.986552335,8.814349273407974,7128934.902128465,6.98918906649353,3357107.1488058707
Tierzoo,19188911.070657067,18012054.50372573,7.157708646501822,5824205.7378306175,4.572270598448751,3490403.707220825
Tinder,21384323.820279222,18860868.544760156,14.03435206914222,6922368.58946805,11.281892513604083,4207624.045282276
titsmcgee,NA,NA,NA,NA,NA,NA
transadorable,3445857.6447368423,7226089.689580778,3.622910144937335,8674489.380370172,2.6614818459456457,5210881.425925926
transtimelines,9645249.382894082,15281559.640809067,6.51608399748285,7247284.98162202,4.873097243636571,4324161.025481226
trashy,11030974.640235877,15686985.911371667,10.51754564079286,7282078.232856226,8.675431463404113,4436134.888940259
TryNotToLaughOrGrin,NA,NA,NA,NA,NA,NA
u_krystaltopaz,NA,NA,NA,NA,NA,NA
u_magicallysarah21,NA,NA,NA,NA,NA,NA
UnethicalLifeProTips,7698414.246143403,14886084.204224827,8.29915904805288,7946690.55297631,6.672695375687655,4437179.525805747
USPS,28940183.32686345,21854894.004050776,9.310191774668422,6185176.503125209,6.26113321989074,3661262.015698719
vce,9693679.306818182,11177233.737564288,4.465365590369373,5984823.306235133,2.592376654490592,4921399.94973545
Violetdarkstorm,NA,NA,NA,NA,NA,NA
WedgieGirls,2097351.6,6455512.014933484,0.6931471805599453,NA,-0,20973516
whatcarshouldIbuy,27066569.56976663,20786642.32232702,12.08320405622215,3998764.9352215105,8.305479946071944,1623437.8620539783
Whatcouldgowrong,9394183.275462057,15105277.797154117,9.416181431316664,8207474.0571670635,7.749829206968038,5016652.248480383
wifesharing,3079497.676433121,7913252.084345829,5.117017150549535,8489388.131053729,2.8066315706897296,3817173.478647171
WTF,14331421.202464228,18501531.829078402,10.353428078608477,9551587.235865545,8.673100696657098,7052754.16101079
