subreddit,nauthors,log_nauthors,interval
gifs,1218808,14.013383889905429,"(13.2,14.2]"
mildlyinteresting,1154718,13.959366716282984,"(13.2,14.2]"
worldnews,1128286,13.936210225002052,"(13.2,14.2]"
movies,909393,13.720532622960532,"(13.2,14.2]"
memes,871867,13.678392168322532,"(13.2,14.2]"
dankmemes,746714,13.523437526011014,"(13.2,14.2]"
WTF,629214,13.352226700395518,"(13.2,14.2]"
trashy,580610,13.271834553986176,"(13.2,14.2]"
FortNiteBR,569376,13.252296303306563,"(13.2,14.2]"
BlackPeopleTwitter,558485,13.232983039476288,"(13.2,14.2]"
Whatcouldgowrong,410059,12.924056330766552,"(12.2,13.2]"
Tinder,398600,12.895713686760832,"(12.2,13.2]"
insanepeoplefacebook,375769,12.836729871872423,"(12.2,13.2]"
AskMen,364248,12.805590233307992,"(12.2,13.2]"
GetMotivated,276493,12.529940783168364,"(12.2,13.2]"
Art,270825,12.509228134813767,"(12.2,13.2]"
therewasanattempt,266088,12.491582360120297,"(12.2,13.2]"
JusticeServed,246927,12.41684802536892,"(12.2,13.2]"
HistoryMemes,214122,12.274301225020393,"(12.2,13.2]"
Eyebleach,208972,12.249955550680127,"(12.2,13.2]"
Android,185822,12.13254450524146,"(11.3,12.2]"
nostalgia,177220,12.085147177601293,"(11.3,12.2]"
apple,170182,12.044623731596802,"(11.3,12.2]"
UnethicalLifeProTips,163398,12.00394422143105,"(11.3,12.2]"
fantasyfootball,155346,11.953410166179433,"(11.3,12.2]"
loseit,135320,11.815397622894645,"(11.3,12.2]"
destiny2,132056,11.790981354027377,"(11.3,12.2]"
SweatyPalms,123358,11.722845975954964,"(11.3,12.2]"
boottoobig,117655,11.67551189218998,"(11.3,12.2]"
Justrolledintotheshop,117025,11.670142866168272,"(11.3,12.2]"
Memes_Of_The_Dank,72082,11.185559638845115,"(10.3,11.3]"
environment,56195,10.936583063952368,"(10.3,11.3]"
wifesharing,56157,10.935906618469438,"(10.3,11.3]"
FloridaMan,47947,10.777851513182249,"(10.3,11.3]"
OverwatchUniversity,45924,10.734743135213703,"(10.3,11.3]"
morbidquestions,40896,10.618787537737207,"(10.3,11.3]"
CrackWatch,33649,10.423738616949274,"(10.3,11.3]"
spotify,32258,10.381521353477128,"(10.3,11.3]"
PraiseTheCameraMan,31332,10.352395218487128,"(10.3,11.3]"
neoliberal,31057,10.343579504787346,"(10.3,11.3]"
EpicSeven,26578,10.187839084891452,"(9.38,10.3]"
whatcarshouldIbuy,24329,10.099424333412122,"(9.38,10.3]"
transtimelines,19813,9.89409356689426,"(9.38,10.3]"
hugeboobs,16955,9.73831805455974,"(9.38,10.3]"
USPS,16391,9.70448768268936,"(9.38,10.3]"
RedDeadOnline,15882,9.672941671455156,"(9.38,10.3]"
saplings,14649,9.59212735272977,"(9.38,10.3]"
Boobies,14541,9.584727524513486,"(9.38,10.3]"
beauty,13850,9.536040511615484,"(9.38,10.3]"
FinancialCareers,13109,9.48105429619781,"(9.38,10.3]"
JustCause,10091,9.219399216464529,"(8.42,9.38]"
spirituality,9999,9.21024036697585,"(8.42,9.38]"
suspiciouslyspecific,9186,9.12543586488574,"(8.42,9.38]"
StuffOnCats,8259,9.019058793810718,"(8.42,9.38]"
earlsweatshirt,6582,8.7920939295032845,"(8.42,9.38]"
Tierzoo,6162,8.726156679156613,"(8.42,9.38]"
mkbhd,5792,8.664232934065552,"(8.42,9.38]"
transadorable,5755,8.657824321155983,"(8.42,9.38]"
metaldetecting,5072,8.531490496117062,"(8.42,9.38]"
MakeupAddictionCanada,4967,8.51057131510735,"(8.42,9.38]"
Pee,4110,8.32117830749028,"(7.47,8.42]"
streetphotography,3674,8.20903626577507,"(7.47,8.42]"
TechnoProduction,3345,8.11522197256233,"(7.47,8.42]"
areolas,3341,8.114025442356757,"(7.47,8.42]"
Slut,3264,8.090708716083997,"(7.47,8.42]"
newsokur,3158,8.057694194815587,"(7.47,8.42]"
greatdanes,2777,7.9291264873067995,"(7.47,8.42]"
AdrianaChechik,2684,7.895063498091573,"(7.47,8.42]"
Kalilinux,1866,7.531552381407289,"(7.47,8.42]"
Celebsnudess,1765,7.475905969367397,"(7.47,8.42]"
Chennai,1651,7.409136443920128,"(6.51,7.47]"
kobo,1326,7.189922170745808,"(6.51,7.47]"
DisneyTravel,1088,6.992096427415888,"(6.51,7.47]"
numetal,1015,6.922643891475888,"(6.51,7.47]"
Electricity,999,6.906754778648554,"(6.51,7.47]"
IdleEmpire,870,6.76849321164863,"(6.51,7.47]"
vce,858,6.754604099487962,"(6.51,7.47]"
BattlePaintings,766,6.641182169740591,"(6.51,7.47]"
panamacity,756,6.628041376179533,"(6.51,7.47]"
Morphs,676,6.516193076042964,"(6.51,7.47]"
GolfClashClans,651,6.478509642208569,"(5.56,6.51]"
BarebackGayPorn,641,6.46302945692067,"(5.56,6.51]"
WedgieGirls,624,6.436150368369428,"(5.56,6.51]"
regularshowmemes,620,6.429719478039138,"(5.56,6.51]"
Preset_Market,605,6.405228458030842,"(5.56,6.51]"
Spicy_Memes,518,6.249975242259483,"(5.56,6.51]"
fentanyl,516,6.246106765481563,"(5.56,6.51]"
ApexSquads,333,5.808142489980444,"(5.56,6.51]"
mculeaks,282,5.641907070938114,"(5.56,6.51]"
Violetdarkstorm,265,5.579729825986222,"(5.56,6.51]"
SexclusiveSelling,258,5.552959584921617,"(4.6,5.56]"
Mondo,231,5.442417710521793,"(4.6,5.56]"
beneater,168,5.123963979403259,"(4.6,5.56]"
teik_ihevoorik_ihe,154,5.0369526024136295,"(4.6,5.56]"
lostgirl,144,4.969813299576001,"(4.6,5.56]"
titsmcgee,138,4.927253685157205,"(4.6,5.56]"
u_magicallysarah21,135,4.90527477843843,"(4.6,5.56]"
u_krystaltopaz,124,4.820281565605037,"(4.6,5.56]"
TryNotToLaughOrGrin,117,4.762173934797756,"(4.6,5.56]"
grimdefender,103,4.634728988229636,"(4.6,5.56]"
