subreddit,author_n,word_H,word_mean_n,word_sd,word_total,score_mean,score_sd,score_H,comments_n_long,comments_n_all,posts_n_all,comments_posts_ratio,author_rank,author_longevity_mean,author_sd_mean,author_longevity_H,author_lag_sd,author_lag_H,author_lag_mean,mean_lag,mean_churn,comment_gini_coeff_all,comment_gini_coeff_long,mean_score,mean_document_entropy,mean_JSD
Tinder,392689,13.824998917486935,20.38401137533829,36.20921371450324,40024944,23.99962007510901,223.04209827317464,11.83868584305258,1963546,2182604,121460,17.969734892145564,1,21384323.820279222,18860868.544760156,14.03435206914222,6922368.58946805,11.281892513604083,4207624.045282276,5477.515758426549,0.5569399684760649,0.6860650436137803,0.6790525267715566,NA,2.1346697081271993,0.5319220340902836
JusticeServed,249404,13.372465281642818,30.884176828107975,44.38101650838714,34894271,17.44670100182056,166.16733642622603,11.65900507077083,1129843,1209647,10904,110.93607850330154,2,24251383.127782363,20573630.513558522,13.492042080313182,7240103.889616848,10.84427854202044,4651088.810554887,6613.794617358813,0.5557043868471496,0.6611777198486379,0.6575127841097128,NA,2.1335451483055277,0.5130269368950907
destiny2,133832,13.636762781330372,26.953091975899305,37.8304176642783,38448990,3.739888469451775,15.717274222742127,13.44891551469639,1426515,1540864,125797,12.2488135647114,3,22532274.750364345,17968525.84544848,13.808540687354904,4739825.751504259,10.119799718611212,2127931.445189299,8568.66881157536,0.49126974889092506,0.7801887197383621,0.7761781382487243,NA,2.0069621556242954,0.6333318835838398
movies,121574,12.858224871862236,176.65561850099607,117.97247252473775,78301013,16.346928646041324,178.70899334344057,10.617071126086202,443241,443241,276678,1.6020102790970008,4,27379260.787253436,21999702.851217616,12.573092033226915,8680444.584008213,10.09733910077039,6281965.268557232,16461.614800566535,0.4778552030511146,0.6281989560484362,0.6269244416835136,NA,1.993981100293675,0.6802987208577577
AskMen,76093,12.558810721282844,174.54545708105294,107.15218830015462,56321979,17.353150819082803,196.7890498262786,9.731665374791447,322678,3636392,38162,95.28829725905351,5,28045774.75810561,23017422.26616747,12.254361562068466,7089467.276160313,9.497054501932196,4778103.1054836735,3469.396689498295,0.5975475148118747,0.8045766087889206,0.694386635454066,NA,1.8258941488496103,0.7279826998142589
gifs,64804,11.803300414532396,156.18713965725192,95.38064750046259,23568327,30.044036368937963,397.2264175566569,8.31107288553668,150898,6637670,111321,59.62639573845007,6,20272575.36247001,23306578.952139847,11.167154660752754,8811992.56690824,9.095185386718828,6031450.800989126,1896.8327628551065,0.4948387827974886,0.6795638353214599,0.5031221271165123,NA,1.782047482592446,0.5394721840973585
BlackPeopleTwitter,59685,11.855578257182524,168.6004267551413,97.15774557292042,26628077,24.843955779556275,252.87593727173842,9.472936106728326,157936,4439181,74263,59.7764835786327,7,17093821.75120302,18883310.182246443,11.288148634936242,7546747.043104596,9.207022540174629,4946852.314788559,2041.7511847130593,0.55217073880331,0.7594782765227137,0.5187062837321719,NA,2.0465360664411363,0.6627021832275329
FortNiteBR,49502,13.093609761179067,155.43579143361293,81.10687673639947,82980019,2.9675922630531946,37.640006545286006,11.335256594135975,533854,533854,924435,0.5774921979371184,8,22498599.71995525,15558257.051249335,12.91734607900791,4807471.124752472,9.227772755010607,3215136.1225091154,13717.732996445533,0.5145972780520792,0.8677633204583799,0.8496179854769252,NA,0.8783778344865877,0.6341336982600272
OverwatchUniversity,46476,12.71487291889401,67.18746831108801,100.00719214787655,40814237,4.700851732107696,18.726624585511896,12.399337236877495,607468,627426,25808,24.311298822070675,9,31193635.66240691,19225893.112280942,13.078201323993618,5262213.192866967,9.380887325225505,2916482.2432104093,7090.053078414656,0.49072182633259787,0.784019331037598,0.7829270312254266,NA,2.1650137038238486,0.6757453361556477
trashy,44949,11.353264520932099,163.74509556152267,92.68264818957971,15550053,22.845953772442478,224.89297262725415,8.993783014894468,94965,94965,91975,1.0325088339222614,10,11030974.640235877,15686985.911371667,10.51754564079286,7282078.232856226,8.675431463404113,4436134.888940259,8496.46125340302,0.6098388750974135,0.44321631757156865,0.4416534052179486,NA,2.114533697110645,0.4860696003124205
mildlyinteresting,42369,11.651638753231575,149.5274504213394,81.71159795758408,18879934,16.676146803522776,261.5772461081911,8.143624438229567,126264,6133842,352541,17.398946505512836,11,23969503.677738704,25159357.522522107,11.089996889925297,9101190.233577162,8.434743673508578,6007358.1855984945,2681.064693022025,0.5421625268173433,0.6677070583682507,0.6329871092493704,NA,1.434463773366043,0.5333347410446942
insanepeoplefacebook,38806,11.335295145696227,173.5753661449494,109.57886605610787,16568463,17.05890795566451,146.2973175900739,9.503777995576364,95454,95454,67803,1.4078138135480731,12,13547925.220870785,16757920.874522826,10.670813247824501,7269753.568446567,8.60328236838179,4279573.259705927,6868.210532760959,0.5862202582950082,0.4973631737375399,0.49581963026594167,NA,2.112672788872663,0.6106284122574035
WTF,38771,11.11530603612797,166.57078696343402,98.71155539218356,12572763,37.08930842607313,406.2838405053652,8.216662409672146,75480,4138564,83195,49.74534527315343,13,14331421.202464228,18501531.829078402,10.353428078608477,9551587.235865545,8.673100696657098,7052754.16101079,3160.945638001631,0.5421548358664687,0.7022834973759018,0.4049770152350902,NA,2.0764677936282707,0.6499639744514795
apple,29137,11.771021199541968,160.12607966457023,85.81908644809789,22914042,7.726352201257861,51.326686224225334,10.28282293594344,143100,2247775,72358,31.064636944083585,14,33909394.61255766,22332284.87960374,11.564538341730316,8378307.803943098,8.694926443403912,6027876.561117812,7493.886684990256,0.46582048949482013,0.8152208965639147,0.7161920717444445,NA,1.7739927696933875,0.6991773225380021
Android,28987,11.787640226627945,161.5669911112342,84.59719818088487,23338675,8.338029241547366,59.7954719788264,10.166834713240188,144452,2400601,48747,49.246127966849244,15,34523045.640164204,22523936.9339561,11.578390025345273,8414423.530441128,8.696725340062125,6137442.8926236415,6655.965782253278,0.456194636235601,0.8219564264363726,0.7221507133435807,NA,1.5741212119699892,0.6849067639748756
whatcarshouldIbuy,25232,11.99515155224714,47.81662566944825,56.63208978933394,12285430,2.2986517623614406,3.899400253945739,12.164096462402282,256928,266235,24348,10.934573681616559,16,27066569.56976663,20786642.32232702,12.08320405622215,3998764.9352215105,8.305479946071944,1623437.8620539783,17074.197865256312,0.5461205811178331,0.7765314221160224,0.7754046063137139,NA,2.3263035450947145,0.6195297760241331
dankmemes,24830,13.196972367527769,215.92341145982476,74.47487757386556,120647638,2.2507212502147644,36.31281208350725,11.401592786048008,558752,12056227,1109560,10.865772918994917,17,52237487.37813018,15886533.548660235,13.152921528117673,6741934.580265922,7.748460122723793,3477421.7081085723,3124.8051997737866,0.6646988088823561,0.805182481824886,0.9500251402920981,NA,0.4621638608838357,0.12606769742029358
fantasyfootball,24448,11.700632939838579,151.85492912567972,75.11314408946998,19883277,4.506102217877436,42.06537808378788,10.37206317287655,130936,5627323,48130,116.91923955952629,18,29410701.68703794,21164355.38114198,11.4401564538983,7867410.494573589,8.593445531361077,5198912.790716325,5829.526649556426,0.4079342705236297,0.8384240764844435,0.7011714744162418,NA,1.7701849757184454,0.6964511002789588
GetMotivated,22242,10.271192048092317,179.6613562710119,112.71542879764785,5931879,16.121997758730355,147.5996918253124,7.745775726852642,33017,657904,40491,16.248153910745597,19,5204416.262531423,11649263.317046791,8.781126276956414,8147731.830360711,7.334816667788831,4334163.370430804,3518.3145950171556,0.4960796945662725,0.4723328078398481,0.28093174200239446,NA,2.340199413637724,0.608821982726609
Whatcouldgowrong,21102,10.438229478380972,166.28974739970283,98.76690632297,6379041,22.04134407340789,218.06976612907786,7.865585094894337,38361,1887917,27943,67.56314640518198,20,9394183.275462057,15105277.797154117,9.416181431316664,8207474.0571670635,7.749829206968038,5016652.248480383,4905.262748531379,0.5653692925969854,0.6480131354255718,0.3790179512834584,NA,2.1493316238704883,0.5318161002361934
HistoryMemes,16425,10.502109981505718,195.1235215916384,146.59379768982558,8512849,10.973296965251672,70.99647594333813,9.213867965548536,43628,1638542,147064,11.141693412391884,21,9879303.333295131,12930780.87966584,9.861844140250811,4817257.861773755,7.709854892047289,2624498.1901887767,10750.973848230247,0.7336744765419757,0.7296098165206786,0.5221734639467286,NA,1.928669423882327,0.5049298999551529
therewasanattempt,14004,10.055100318817233,173.67128092939046,108.93128523694271,4604373,17.5663095956548,179.27231307591856,7.447614245867281,26512,951044,49448,19.233214690179583,22,7030196.6902157515,13477322.986552335,8.814349273407974,7128934.902128465,6.98918906649353,3357107.1488058707,4859.508323532626,0.5850865109191355,0.5879873542871792,0.398298169600821,NA,1.9894708685220273,0.29780915150721127
Justrolledintotheshop,10977,10.264952742456888,157.27550017438728,85.26702213458876,4960312,13.719807222803516,73.309229306697,8.657865267813609,31539,1127975,31197,36.15652146039683,23,23957667.85021719,21155812.740197588,9.861192118217497,8904272.413219599,7.7072164466014454,7093059.487063944,5114.788244334699,0.5428383001180738,0.7773118864770368,0.5577050997439983,NA,2.2621898759464454,0.6134571725104162
UnethicalLifeProTips,9950,9.577643058270127,164.23114895717634,97.35922855022145,2661530,29.68554856226089,218.83918451629654,7.194602401073224,16206,606969,15443,39.30382697662371,24,7698414.246143403,14886084.204224827,8.29915904805288,7946690.55297631,6.672695375687655,4437179.525805747,13008.748492728504,0.5052581836144217,0.6022630023071542,0.33646376346041507,NA,2.1886766994649025,0.3700242487826929
neoliberal,9078,11.583386082578578,195.15002375518915,147.31145633636964,25055897,6.812513143239896,21.66988116935463,11.39240851414904,128393,128393,25165,5.102046493145242,25,34841442.93044792,19800257.373599626,11.550140405244992,5273233.657620424,7.602937212885976,2796269.9091765415,4702.19759220743,0.5081063147443869,0.8057403803401257,0.8050165291981557,NA,2.0465914436444534,0.65472488417022
environment,9056,10.048010916259708,188.57118236329038,144.59068851065192,5251896,6.1883594843991245,50.56960926475623,8.761013270900275,27851,255115,40285,6.332754126846221,26,19825627.73972209,22384055.86822154,9.5221175660965809,6455321.615111084,6.985034532646413,3246974.5795831704,4410.745692317695,0.5572286159772272,0.659384907702588,0.5896019949032052,NA,2.0163302609826532,0.5164862305902941
Art,8842,11.847779021789536,136.15688475074126,41.988611476441356,19653974,2.1242968381965808,32.608770940305426,9.857069403924713,144348,877984,187132,4.691789752687942,27,49815281.36980769,16390298.790794048,11.787406444901862,7085626.638509731,6.235088186124526,3393298.1365181035,6828.369170852433,0.529701074028594,0.596463774512813,0.9333467136731031,NA,0.6899223161890868,0.48928889633968226
EpicSeven,7162,10.676602077057005,163.51944611181256,92.346420839606,7900115,2.4984786703371764,6.7776134144274565,10.59830064189511,48313,859822,26263,32.738910253969465,28,10138343.454598142,6473436.352512057,10.529266159916137,2058544.8368449812,7.681308900394379,1544714.9373444703,27840.823531078026,0.6198454577949054,0.8191606573896024,0.7111060531454996,NA,1.9583651666224733,0.6464181949013011
morbidquestions,6587,9.664465222414703,193.50553685810445,130.90865018722312,3564759,14.492834654217782,65.32970443395111,8.107441352112845,18422,279126,13275,21.0264406779661,29,18227420.95695364,20146058.153510783,9.146647957202251,7146027.7780210795,6.799207272836909,4320225.465173985,18908.478041633294,0.5586278903336893,0.7122988700411952,0.5740993466353075,NA,2.1499251634820378,0.5377788688975744
nostalgia,4645,8.772022101912267,157.89579855314412,89.93001078155284,1134955,14.308987200890373,104.69693934414758,6.666818937409343,7188,719808,78090,9.217671917018825,30,10450392.572760155,17844466.714084364,7.634755616899033,8909156.760220397,5.922977916045478,6102940.000291177,12061.538226464598,0.5317867862303505,0.6404095679863531,0.3238396552089853,NA,2.1481931076481406,0.37862096096724573
Eyebleach,4362,8.561869090588818,162.9013067400275,91.69375301638726,947434,40.58717331499312,270.54639970686594,6.351263579591726,5816,573604,46220,12.410298572046733,31,2949039.00997249,8093953.148312342,6.7063714062782385,7794619.386812493,5.4151763179106425,3970873.9848042526,4839.411525609892,0.5527320196825085,0.5203109086942277,0.21813766893296815,NA,2.2896506355474022,0.4649837982687711
spirituality,4045,9.624040632278161,210.58620689655172,148.59513526807862,3780233,2.429558241880675,3.2328456758976865,9.40982399111965,17951,94459,9143,10.33129169856721,32,18265690.58553841,18937027.15994981,9.220367217196019,4965247.970961404,6.557550871193286,2644572.305281336,19036.6200986664,0.5691738087992018,0.7396419190072265,0.6546980305091665,NA,2.4411402794881147,0.5490953006377275
FinancialCareers,3559,9.230232006398296,169.87927388086007,91.55680192044018,1927790,4.667694747973211,9.760017561202298,8.638687874521892,11348,108868,10428,10.439969313387035,33,16189425.939196333,16374207.55143406,8.763823870002,6240021.56334378,6.549837776444806,4133767.975534808,23061.94654321244,0.587657872689775,0.7224140547732532,0.5728981309459868,NA,2.4247290146727156,0.5457929703041235
USPS,3295,9.595951388063234,157.40747860597793,81.32592193634,2538353,2.5894828227706808,3.8453223474459124,9.446970589295091,16126,225136,19533,11.525930476629293,34,28940183.32686345,21854894.004050776,9.310191774668422,6185176.503125209,6.26113321989074,3661262.015698719,20967.382043729893,0.5718158058155867,0.8284512801249093,0.7208588173150474,NA,1.9249095666144695,0.6418288745800588
SweatyPalms,2941,8.263289743032658,162.89432213209733,90.50928870756132,702889,28.28180764774044,176.91625286827755,6.2116246735176555,4315,314613,11358,27.699683042789225,35,4973916.734646582,11131947.957322305,6.692175686595554,7085712.3381886,4.9610226121505905,3270358.0059768227,10283.640253426347,0.5495782959807584,0.49072854528640164,0.2823607034081306,NA,2.1027495123320166,0.13486775283951916
beauty,2839,8.465463853882905,168.5234227427276,93.54893827998212,892163,4.479788439743105,9.519986407468506,7.8601793834459315,5294,69280,39702,1.7450002518764798,36,8381088.041367586,13600249.90050227,7.518137298965911,6539784.079667077,5.915751807585469,3843071.7269732133,29939.63935772925,0.586955586282062,0.6414429962585473,0.3868682201275533,NA,2.2759496239948507,0.5709063531211781
RedDeadOnline,2829,9.34740783846128,159.17921090160038,83.99785437292583,2009160,3.496197116146411,7.104510985139964,9.15863316392545,12622,344128,19309,17.82215547154177,37,6920018.722151798,6006434.700485678,9.003457713572628,2115313.714061934,6.462907514431417,1283879.74166177,8565.35171165671,0.5955093978321813,0.7971181052682823,0.6357191455359157,NA,2.2575580424916466,0.5970217485004735
CrackWatch,2670,8.744215649340356,168.7116711248768,102.04021789990429,1198359,6.929325637054766,23.896415089030942,7.919586119931057,7103,259816,4701,55.268240799829826,38,19574159.582289174,19892109.24297954,8.255349489584221,9323608.75461442,6.049816690218581,6216493.139978191,16966.152020108468,0.4847302797198713,0.7436670974389017,0.5361526895556494,NA,2.1318505757888286,0.40784206667586714
FloridaMan,2564,8.272312420678105,171.8834907782276,106.9373834089553,764194,16.56365272154746,98.1116412442708,6.680630243802536,4446,147911,8987,16.458328697006788,39,7795778.645524067,15202550.498914663,6.987037775834431,7137413.533634325,5.248544757675251,3500122.5669110506,9061.276974396245,0.5635258835625213,0.5559363429920268,0.36219374381482794,NA,2.2633979784567506,0.3525072232669247
saplings,2295,8.459144771212937,165.14830346930995,91.5916233924928,866368,4.880289744567289,9.759342735604623,7.847973969991329,5246,106201,8085,13.135559678416822,40,13039411.320243996,15786220.46698938,7.815788656913836,7413107.872638921,5.8835837533830375,5045933.448155845,13888.621014633882,0.5229186209477056,0.6961598652956127,0.47883762074764036,NA,2.326495094184075,0.5873826337395299
spotify,2110,8.162848405421261,165.0115548857071,100.61946257241,656911,4.449635769907059,18.223798234821523,7.189648566823595,3981,144466,51636,2.7977767449066544,41,13532784.672192916,19775508.77570924,7.261300195933009,7741942.803125527,5.2758478341229456,4668419.3166249115,65845.18952129286,0.5413492400042298,0.6713831473653045,0.4182521075584873,NA,2.0064990054904217,0.5103951160556058
boottoobig,1871,8.899283309132263,140.37621471540953,116.53166775769814,1213412,8.094632114761685,75.22133378231864,6.4049377972064665,8644,412632,67526,6.11071291058259,42,15401450.088037945,12788899.47122173,8.642977347094366,5930902.681617265,3.9284264640727153,2020186.5096941786,7630.333968405215,0.5420653720013657,0.618652722601837,0.7579301092146125,NA,1.0684533947659571,0.3200589529656351
transtimelines,1103,7.478922995018952,170.27001491795127,105.2298086466507,342413,6.280954748881154,14.259504303046375,6.737062318755465,2011,139342,9283,15.010449208230098,43,9645249.382894082,15281559.640809067,6.51608399748285,7247284.98162202,4.873097243636571,4324161.025481226,29428.429351198814,0.5616684384641901,0.697885911089088,0.376160143467672,NA,2.4660264229674644,0.49842786680544676
JustCause,944,7.578676554162443,171.4361036639857,111.35558505179685,383674,4.228328865058088,9.95906516533289,6.991791309326565,2238,69295,8173,8.478526856723358,44,7138796.185433423,11031213.97125028,6.731738289356426,4594307.844664753,4.660776868080803,2169014.196617516,47270.98408872564,0.5925946765678276,0.7076661990063258,0.4911944334423879,NA,2.4107651891644153,0.4528489695379264
TechnoProduction,940,7.995820045819334,173.62800480769232,98.0961501020748,577834,2.9408052884615383,3.6671450343125476,7.730058300713801,3328,32394,2379,13.616645649432535,45,21959857.09825721,18901759.635506712,7.653420224911338,6591395.949761698,5.309934941079385,4573695.425173006,32137.62921818309,0.6010940611400565,0.7215647161736456,0.5981772277637276,NA,2.4220693235845108,0.5767761223886202
MakeupAddictionCanada,898,7.752081771180458,160.29182879377433,85.07360202291905,411950,4.864980544747081,9.485933291986528,7.2211259020143315,2570,53496,4133,12.943624485845632,46,23053341.128793776,20320392.452043187,7.37060313480936,6208809.190394544,5.357593469369882,5886689.681029609,20773.518347789945,0.562839447882603,0.7427083722391217,0.5483271108429335,NA,2.2924435069834392,0.606034986430971
newsokur,753,9.671887423740522,158.75698117499857,93.18495123733177,2791424,5.1608940453847465,5.6816535490866436,9.380379624236902,17583,431269,69388,6.21532541649853,47,36089182.2536541,19560360.010629877,9.60135876564024,6576321.702147596,5.341894578945198,4140705.0470687286,3799.8144626182743,0.44363051398701436,0.9225125467550299,0.8629778727854855,NA,1.3744398755439444,0.7289423595030412
Memes_Of_The_Dank,742,6.67967742123343,225.80447889750215,295.43329169542005,262159,4.803617571059432,21.54372508063946,5.748541400270112,1161,374137,146982,2.5454613490087223,48,3604960.4521963825,9253652.757349517,5.226190309352502,1660696.4862405437,3.8436012220969165,939890.089454002,12082.415406685064,0.6156474423115854,0.6612429976084968,0.32509301908237376,NA,1.473166143063279,0.10727990768790341
Tierzoo,707,7.560797104321985,185.46129612961298,117.9360707391508,412095,6.63951395139514,14.903626328734259,6.8174426511223825,2222,38773,4430,8.752370203160272,49,19188911.070657067,18012054.50372573,7.157708646501822,5824205.7378306175,4.572270598448751,3490403.707220825,41046.74879303889,0.5782589608654338,0.7157911261219851,0.6114111380464777,NA,2.3223173909863903,0.5086411362993042
PraiseTheCameraMan,666,6.672345113010798,158.96465222348917,89.10756098618934,139412,15.095781071835804,49.10225973826531,5.490084737067066,877,71289,4433,16.08143469433792,50,2224163.298745724,7157648.260665841,4.481586317025342,3752674.6983893006,2.9794737684282797,1433467.1197702175,184057.3369275264,0.6531260610175048,0.4217653158666508,0.20999817093508,NA,2.0714402480939627,0.25432424061408265
metaldetecting,466,6.934962814091006,165.68867924528303,105.20796486830503,193193,2.7144082332761577,3.309227305227923,6.667882310764904,1166,38509,4695,8.20212992545261,51,18613681.781303603,19890951.90829134,6.404982339813573,6948163.34831675,4.258409158147629,4987590.953743068,26245.71652588855,0.5977108879543811,0.7068215206262494,0.5167568812622392,NA,2.26793283158516,0.5574750585032728
wifesharing,352,6.534547117333838,164.5095541401274,107.36841839337978,129140,30.667515923566878,771.322621875839,0.8627830441317053,785,498185,49267,10.11194105587919,52,3079497.676433121,7913252.084345829,5.117017150549535,8489388.131053729,2.8066315706897296,3817173.478647171,40096.53789734543,0.5152624549639894,0.777290160263874,0.5292636229749661,NA,1.5082853092000106,0.25031290025599234
greatdanes,342,6.420777057241146,177.87625899280576,102.8074734488486,123624,2.99568345323741,3.4388413391085004,6.185257714550545,695,17629,4290,4.109324009324009,53,13212618.166906474,17316560.931288924,5.711953840764525,8579764.62850003,4.188329699114047,6064988.847156969,28036.75297813732,0.5858076859219103,0.6631688538785738,0.4003681525837237,NA,2.5199716018678204,0.5454875983404399
DisneyTravel,303,6.301024596874206,197.92902208201892,124.43623138328607,125487,2.468454258675079,2.105386563843439,6.174695112920921,634,4272,758,5.635883905013193,54,12470297.626182966,16979262.877544396,5.568870121353914,8208572.6270842645,3.909878190504843,5487812.679890926,114287.33858694464,0.5791731426982053,0.5742839442282559,0.4195347644437817,NA,2.5264814775484252,0.4723799847368274
suspiciouslyspecific,293,5.82521782210957,185.27114427860695,135.74225103626762,74479,18.034825870646767,75.76817761597815,4.180965753092445,402,27694,1822,15.199780461031834,55,1173333.7860696518,4171589.577639914,3.624505164129253,1617819.5587292898,2.398624332965939,683782.5438961039,123181.22410862727,0.7215373378038172,0.3605159015405661,0.23945995487873972,NA,1.620012343080843,0.07121338906006028
kobo,282,6.122900359431026,165.4688128772636,75.88894908977724,82238,2.090543259557344,1.7209135522373085,5.985477711447319,497,5598,893,6.268756998880179,56,8528537.575452717,12699868.624066623,5.186312419888783,8625906.436688114,3.5035012029752535,5194539.332220286,152207.95236683835,0.5336075900253097,0.5796202543572235,0.36694485842026836,NA,2.309941683105221,0.49504987698410924
streetphotography,282,6.493978034652737,164.15950069348128,76.48152152844439,118359,2.2233009708737863,2.4975122465747237,6.401400231433741,721,18886,8168,2.312193927522037,57,17681583.596393898,21119344.191286508,5.835975880413892,9563625.383903451,3.299701662153087,5000743.16475566,36028.123744730125,0.5926471786552654,0.6608972129754989,0.5515332023253947,NA,2.4282203332624683,0.5228829671103827
earlsweatshirt,280,6.0478094019469895,156.21521739130435,72.18934938369132,71859,8.56304347826087,19.952403699179,5.256892429279258,460,54272,6001,9.043826028995168,58,7178410.473913044,14659267.158215076,4.738786573557761,10415027.01922998,3.1363582141346336,5015264.787939653,27195.711621131097,0.6679227582995011,0.7192599593300883,0.33260549636881365,NA,2.2457754021657337,0.3269388728880193
Chennai,269,6.056608002869685,169.48232848232848,101.3984313220223,81521,4.482328482328482,5.8726235959925015,5.7771640481263224,481,10560,2168,4.870848708487085,59,8712540.708939709,12662518.371440884,5.206703732857291,7075648.40460819,3.8997558499330673,5210808.7425142545,60433.71877220716,0.6275525803738021,0.6313997193544765,0.33157894736842053,NA,2.055364766068604,0.5672358773086356
Electricity,213,6.417305644487736,171.24137931034483,110.00458753204234,119184,1.9755747126436782,1.822554445058187,6.289505138431929,696,5547,1608,3.449626865671642,60,28061077.833333332,22787320.73096054,6.103785911226528,7960222.139984167,3.75380203205078,6081786.198149477,30126.64482184519,0.5340400243031822,0.6556024167125543,0.5946165253644473,NA,2.2053042696151453,0.6246424803147403
mkbhd,195,5.655623566354967,175.73636363636365,116.00424559409544,57993,4.657575757575757,9.022819106127692,5.037138199562207,330,17147,2261,7.583812472357364,61,9724027.648484848,15841625.631672103,4.6013063090434905,5027115.099635046,2.8444271011302824,2996389.459201389,60316.77040208045,0.572499269467143,0.5344083803008743,0.36370944859547905,NA,2.187391009406597,0.4517887828775239
Kalilinux,139,5.13584090135107,184.16990291262135,151.07434857401736,37939,2.2233009708737863,2.5276308731549157,4.955185900805286,206,5185,1000,5.185,62,8092953.77184466,15891381.730750851,3.896994582077343,8476658.179096071,2.3752944783668557,4674245.469444444,84702.71444257666,0.5571838521349938,0.47325446484165923,0.2887592788971389,NA,1.8555087444677372,0.5511059249330558
panamacity,118,5.284166378177058,190.16521739130434,122.38631159258121,43738,3.9521739130434783,5.1325121376363665,4.968100392195128,230,3522,501,7.029940119760479,63,9491056.634782609,11609236.734018298,4.625433554339824,7263384.70407235,3.0521128223372322,4905663.476444735,122582.07955157681,0.5655584181899971,0.5963602931234959,0.3849241748438885,NA,2.2957690385009126,0.5311539722711549
fentanyl,113,5.806140141112602,219.19900497512438,161.12755808386657,88118,1.654228855721393,1.2523671461242727,5.803488090540222,402,2991,299,10.003344481605351,64,20514531.298507463,19437289.673735984,5.444734725374942,9500198.110709347,2.865684278388092,4664400.946975494,214392.56530131056,0.5621755186271316,0.6722067390413855,0.609736963544071,NA,2.4012579485663363,0.507868847277596
transadorable,104,4.848399338694216,167.48026315789474,132.09980024122424,25457,3.098684210526316,3.6005148057609775,4.601945742085979,152,34962,4804,7.277685262281432,65,3445857.6447368423,7226089.689580778,3.622910144937335,8674489.380370172,2.6614818459456457,5210881.425925926,33912.75631303245,0.558580477285879,0.6627786873203831,0.2240607622406081,NA,1.9296091647254658,0.543385599457921
