AdrianaChechik,69,5.241931318383773,71.56410256410257,19.808353532793888,13955,6.107692307692307,17.935269989480478,4.063831239423722,195,2007,0.09715994020926756
Android,70439,12.874688307368716,100.67968210240937,68.98584802840053,46048873,9.250876732694914,58.623975365973386,11.494760267273863,457380,48747,9.382731244999693
ApexSquads,16,2.8101466685387875,66.16666666666667,31.06776275100834,1191,1,0.5940885257860046,2.6593226977095163,18,232,0.07758620689655173
apple,69132,12.92078822968683,98.30304009060498,67.16922877948242,46870398,7.929976195220168,53.141882186758,11.59503857554952,476795,72358,6.589388871997568
areolas,44,4.4788920531267875,89.03125,40.059285834609526,8547,1.71875,1.9772555408151498,4.47175864170133,96,1952,0.04918032786885246
Art,28985,12.140995006890698,123.3769538658096,49.78221968491183,24721287,3.7986095861697224,45.49449216561135,9.871652955755653,200372,187132,1.0707521963106257
BarebackGayPorn,10,5.219418446570069,71.63440860215054,8.518704312386452,13324,1.086021505376344,0.4799980625747977,5.161988968723446,186,628,0.2961783439490446
BattlePaintings,152,5.666499279446533,143.67082294264338,149.55756875387843,57612,5.56857855361596,6.309588752402085,5.69657406142144,401,600,0.6683333333333333
beauty,6819,9.947167039311877,88.50067135940107,64.08072791964342,2175081,3.091304878544981,7.361152673250019,9.357810929164383,24577,39702,0.619036824341343
beneater,99,5.589909095903006,109.86292834890966,80.33632368143302,35266,1.838006230529595,1.274235461938279,5.593222289591108,321,156,2.0576923076923075
Boobies,182,9.439651025627727,63.1148728446579,10.64630134480428,801622,1.222502165183844,5.823379493971039,8.975059587535906,12701,15348,0.8275345321866041
boottoobig,6090,10.624532251747874,84.952796542609,86.41454830682812,4049360,5.167393949565727,51.06180189526084,8.471339394632386,47666,67526,0.7058910641826852
Celebsnudess,23,3.4523537954838264,64.65625,11.009114625559572,2069,4.03125,14.358282705743905,3.0887847705505633,32,2602,0.012298232129131437
Chennai,634,7.1730827537666535,102.61577934573444,77.32712655033492,159978,3.749198203976908,4.836010122094251,6.988583073895168,1559,2168,0.7190959409594095
CrackWatch,7883,10.06067398718117,95.04085429113154,73.17015765593102,2656677,6.124208492827246,29.817056166586273,9.439019333519425,27953,4701,5.946181663475857
destiny2,41535,12.006741441890167,95.71081932718937,70.19206913875198,18558615,2.892090375084449,10.975128991500275,11.681707784747356,193903,125797,1.5413960587295406
DisneyTravel,603,7.131669825113612,125.22630922693267,109.53712756072669,200863,2.42643391521197,2.178027747096219,7.091064098076864,1604,758,2.1160949868073877
earlsweatshirt,1011,7.610675074944008,85.081045751634,51.851789512299476,195261,6.876252723311547,15.256894274975968,7.101765707107441,2295,6001,0.38243626062322944
Electricity,467,7.3121679921944684,111.05604395604395,89.35134977864517,202122,1.8736263736263736,1.7250433726943744,7.27077345237028,1820,1608,1.1318407960199004
environment,19747,10.879450177832938,121.54939875080264,114.3386336451431,8329051,7.228503881851615,49.09531591006899,9.851561038170747,68524,40285,1.7009805138388978
EpicSeven,14281,11.849735202946913,98.57335382073924,70.4580608949791,16230497,2.1680858041711715,5.657143079821385,12.111678452493514,164654,26263,6.269428473517877
Eyebleach,15818,9.954415718156959,91.714495532618,64.05331063269452,2248014,36.716861817143325,232.14548848994383,7.95740695491706,24511,46220,0.5303115534400692
fentanyl,219,6.51732607350182,138.98459845984598,134.6238182854579,126337,1.5874587458745875,1.1621305389416097,6.6276647587075,909,299,3.040133779264214
FinancialCareers,6993,10.194196464524374,107.23666352497644,76.39130990433571,3413343,4.273358466855168,9.596801826464086,9.720001268781242,31830,10428,3.0523590333716917
FloridaMan,7519,9.666715743533866,95.00288015360819,73.38682283026091,1781209,16.116272867886288,105.92056063685443,7.9605872294731554,18749,8987,2.0862356737509735
GetMotivated,56070,11.276635433726096,109.03755611744673,88.23891686585519,10565194,14.85276846070488,155.86639027044825,8.895031820762748,96895,40491,2.3930009137833097
GolfClashClans,159,5.873100389082136,81.16966580976863,40.68887490927802,31575,1.1156812339331619,0.4117924875049128,5.8997109035915996,389,1069,0.3638914873713751
greatdanes,850,7.549911192023073,102.69307359307359,79.03293081340779,237221,2.8307359307359308,3.2606435468996593,7.416935920519884,2310,4290,0.5384615384615384
grimdefender,55,6.401845099061377,126.28835978835978,102.73328895264667,95474,1.3095238095238095,0.6320066105063669,6.543242708424874,756,373,2.026809651474531
HistoryMemes,37237,11.555309038176892,110.27007439051337,107.69112166275114,14971368,11.2870737276276,69.3801943068169,10.439309722406687,135770,147064,0.9232035032366861
hugeboobs,284,7.9345019471791645,77.07985989492119,16.87243236915894,220063,1.6448336252189142,4.7257610554172524,7.286254015121035,2855,16257,0.17561665743987206
IdleEmpire,4,2.053499935721155,67.5,16.707568857941517,540,1.125,0.3535533905932738,2.0431918705451206,8,991,0.008072653884964682
insanepeoplefacebook,94212,12.476557944678845,100.9154586471867,79.63515806712549,31939339,19.260881654112534,155.2192904114773,10.759086570679694,316496,67803,4.667876052682034
JustCause,2557,8.799090810138477,98.25402772573997,79.07393785385261,786720,4.039840139877607,8.612876995337839,8.393028950649384,8007,8173,0.9796892206044292
JusticeServed,61930,12.062422841576607,97.95727016749397,76.18094199584866,20247180,14.219909624856056,139.59075119581854,10.005608962666942,206694,10904,18.95579603815114
Justrolledintotheshop,30168,11.668441895455462,89.98518485363888,58.47809938846011,12062694,11.834497060842057,66.14925368425689,10.191902443388331,134052,31197,4.296951629964419
Kalilinux,462,6.314025180837372,106.37416777629826,128.0793600798862,79887,2.029294274300932,2.9378803075154667,6.425497411179568,751,1000,0.751
kobo,653,7.224835261119446,101.23397635345364,66.42957124502382,162683,1.957685127566895,1.5886275843993185,7.1816161741345885,1607,893,1.799552071668533
loseit,79697,13.071051385511884,117.0249772654116,83.67497626074596,66530689,5.206637620335012,31.937425732789237,11.989122233004467,568517,52950,10.736864966949954
lostgirl,46,4.011799270296196,93.87096774193549,50.66621206435076,5820,2.2580645161290325,1.688296103612856,3.8936000962969883,62,61,1.0163934426229508
MakeupAddictionCanada,2167,9.113970736609414,92.5266109104733,62.281481164245506,973565,4.3649496293480325,8.501925026335877,8.634098719814679,10522,4133,2.5458504718122428
mculeaks,27,3.6690018341354187,94.8913043478261,65.08054095960023,4365,1.5869565217391304,3.1873087704311978,3.5324419721043707,46,33,1.393939393939394
Memes_Of_The_Dank,2591,8.374111622928934,98.75970171967737,163.77725600438242,648950,2.8892101658803835,13.666807800812418,7.903519719046191,6571,146982,0.044706154495108244
metaldetecting,1343,8.290904671174394,93.40072278911565,70.18118715071432,439357,2.6736819727891157,3.757368600831663,8.059533908663001,4704,4695,1.0019169329073483
mkbhd,694,7.021143725391037,94.99483013293944,76.85421145286755,128623,4.209748892171344,7.807572617709085,6.57052202838306,1354,2261,0.5988500663423264
Mondo,56,4.4628669901086,94.79591836734694,52.30224595198693,9290,1.7244897959183674,1.2499947401530405,4.390897098554313,98,144,0.6805555555555556
morbidquestions,14165,10.600352510344553,115.54875150948541,103.09199483196282,5932504,13.86182852245725,63.2894258700433,9.174058582069554,51342,13275,3.8675706214689267
Morphs,38,4.606912379301257,98.16058394160584,102.62031916506038,13448,1.854014598540146,2.1092936718017627,4.6370067462563265,137,2195,0.06241457858769932
neoliberal,14485,12.579191425064165,112.41261810618944,106.37590839446084,42104933,6.687743120539731,17.1860895411005,12.538111636541155,374557,25165,14.884045301013312
newsokur,390,7.46656666309776,150.2235031610264,175.51848858254414,403951,4.162885831164002,4.832563157257261,7.485261247790081,2689,69388,0.03875309851847582
nostalgia,20615,10.633648410132537,85.39986688994804,52.84372336936389,3977755,9.972755378075487,76.82009876500891,8.608842968682868,46578,78090,0.5964656165962351
numetal,219,6.261138782255429,92.62458471760797,56.7170804510025,55760,1.9966777408637875,1.718061707976614,6.197720689550196,602,2726,0.22083639031548055
OverwatchUniversity,27188,12.128943378356137,136.99363044396088,134.10362009028955,33745367,4.676654704296711,17.300715355610272,11.446261509292636,246328,25808,9.544637321760694
panamacity,273,6.298814309639363,112.67338129496403,99.20687535404443,78308,3.1884892086330936,4.003656094551886,6.312468242994991,695,501,1.3872255489021956
Pee,173,6.249937967193899,76.65008291873964,59.147615992260114,46220,2.613598673300166,4.795306483486016,5.697754892369784,603,6005,0.10041631973355537
PraiseTheCameraMan,2453,8.123082967289985,88.57498077416047,60.66503094045235,345531,17.349397590361445,86.4653610369632,6.6511255240445735,3901,4433,0.8799909767651704
Preset_Market,22,3.369501792598627,100.31428571428572,72.34832874551358,3511,1.5714285714285714,1.2434703403760614,3.2931264987327706,35,395,0.08860759493670886
RedDeadOnline,6391,10.652724723099427,93.05093631430786,64.75270834049591,4561543,3.321590306393048,7.379463426555957,10.64129031088113,49022,19309,2.53881609612098
regularshowmemes,17,2.9161915259392117,90.82608695652173,74.96584202392268,2089,6.565217391304348,14.856361009701969,2.176412795005152,23,415,0.05542168674698795
saplings,5586,9.649549965535254,97.50331452363994,68.9953845283013,1779728,4.718018955788089,10.443758047703216,9.096809558547708,18253,8085,2.257637600494743
SexclusiveSelling,91,8.255417184406387,442.40796925566343,321.3484473681769,2187265,1.0459142394822007,0.36887213689298143,8.473595585808248,4944,2076,2.3815028901734103
Slut,71,4.3950931268229025,91.21428571428571,74.99474208373668,8939,1.3775510204081634,1.0602013631191824,4.45057021181424,98,1555,0.06302250803858521
Spicy_Memes,6,1.6602881189775043,130.33333333333334,79.57302725589034,782,1,0,1.791759469228055,6,786,0.007633587786259542
spirituality,6261,10.233484986365628,143.51455831551243,131.41308754052835,5234550,2.2845314470581783,2.9533943377558156,10.152923588308429,36474,9143,3.989281417477852
spotify,7503,10.56754724217478,90.15595540029669,44.692085070424056,3767978,2.2836531559554003,8.593016486033601,9.791816632109024,41794,51636,0.8093965450460918
streetphotography,751,7.598927445454819,99.82423721529867,64.62683115923318,232291,2.11259131929523,2.377027222278579,7.578664902844297,2327,8168,0.2848922624877571
StuffOnCats,239,6.435905157308332,68.7420814479638,31.183767175215845,45576,5.239819004524887,20.903636942633376,5.014326098194897,663,3740,0.17727272727272728
suspiciouslyspecific,929,6.986657302669151,102.91261451726568,111.8054399045176,146033,15.55109231853418,62.80026909314404,5.6430394376140045,1419,1822,0.778814489571899
SweatyPalms,11045,9.741672734189542,88.33167019453684,62.03866651743424,1752677,21.460991835500455,123.30611901821145,7.875258790008272,19842,11358,1.7469624933967247
TechnoProduction,1799,8.93855682972349,110.25470048097945,81.06910305128376,1008610,2.480323567993004,3.0005913604363417,8.784228260231611,9148,2379,3.8453131567885666
teik_ihevoorik_ihe,2,0.6931050959699078,54.5,0.7071067811865476,109,5,5.656854249492381,0.3250829733914482,2,60,0.03333333333333333
therewasanattempt,37603,11.245935257204799,98.69177317151755,80.82378538519717,9189191,17.49006551390828,170.91175878049296,8.790221119770953,93110,49448,1.8829881896133311
Tierzoo,1633,8.563578863138607,110.35652040972329,92.09346617923494,721842,6.327625745298884,14.110057239245148,7.921032862020709,6541,4430,1.4765237020316027
Tinder,60400,11.866577431808452,100.79162109820004,87.60568589369495,17694977,13.250848712690818,153.21160411318368,9.681854160650456,175560,121460,1.445414128108019
titsmcgee,2,1.0529855030827266,73.66666666666667,28.005951748393294,221,1.6666666666666667,1.1547005383792515,0.9502705392332347,3,42,0.07142857142857142
transadorable,433,6.598194348262001,83.10262257696694,71.64504370600095,72881,3.581527936145952,15.949099284360255,5.641035237799728,877,4804,0.18255620316402998
transtimelines,3210,8.818619934200798,94.72472745292369,72.4811805877083,764618,5.721010901883052,12.699249388076938,8.160736643621243,8072,9283,0.8695464828180545
trashy,122191,12.68517871538581,93.27180329264982,64.86950270561098,35046507,20.988702474543974,209.50515444279398,10.49607448339065,375746,91975,4.0853057896167435
TryNotToLaughOrGrin,6,2.0115221482210637,83.75,34.487057613793944,670,1.125,0.3535533905932738,2.0431918705451206,8,1115,0.007174887892376682
u_krystaltopaz,1,0.5809343838801628,99,65.05382386916237,198,1.5,0.7071067811865476,0.6365141682948128,2,41,0.04878048780487805
u_magicallysarah21,4,1.2636514125281535,91,55.61174935808679,364,2.5,1.2909944487358056,1.2798542258336676,4,45,0.08888888888888889
UnethicalLifeProTips,31787,11.08479878271283,87.25732788447729,64.74312952379069,6683126,23.999360238148096,203.8049815827256,8.572452892341525,76591,15443,4.95959334326232
USPS,7731,10.674711860309827,96.35887297077116,65.64201314814906,4849453,2.771534166550758,4.303098118409963,10.620807953956206,50327,19533,2.576511544565607
vce,223,5.959048930810593,115.76937984496124,122.84219537072005,59737,3.122093023255814,3.3999737690407,5.873344413928022,516,637,0.8100470957613815
Violetdarkstorm,2,1.7716047897130696,75.16666666666667,16.797817318528818,451,4.333333333333333,6.2182527020592095,1.1923348344278193,6,471,0.012738853503184714
WedgieGirls,52,3.877521478994046,112.35802469135803,193.81107480236875,9101,4.444444444444445,5.044799302251775,3.952475132584252,81,830,0.09759036144578313
whatcarshouldIbuy,12832,11.155102308172218,105.4982850241546,74.09541292160277,8735258,2.4759057971014493,3.9979643307140584,10.969286638970518,82800,24348,3.4006899950714637
Whatcouldgowrong,62792,11.769350387710155,93.94546407627035,69.29491829722917,14337487,20.70965501425155,196.71336002497216,9.417877700496694,152615,27943,5.4616540815231005
wifesharing,1441,8.167703776375642,87.26413255360623,65.58644441895977,358132,7.352582846003899,337.3961001507492,2.6957619862472284,4104,49267,0.08330119552641728
WTF,109351,12.419579648796638,94.98223054500968,70.1961419989141,27795315,29.770227278163734,294.7925847403328,9.77864876119422,292637,83195,3.517483021816215
